Url,Domain
https://tools.wmflabs.org/newbie-uploads/,tools.wmflabs.org
https://www.google.com/search?rlz=1C1JZAP_enCA845CA845&sxsrf=ACYBGNQ_imuXP3sbJRRIm8Jaz86V9f6wPQ%3A1569190168064&ei=GPGHXZq_A8fS-gSW2oKoCg&q=book+dairy+translate+chinses&oq=book+dairy+translate+chinses&gs_l=psy-ab.3..33i10i21.2456.4652..4791...0.2..0.263.1408.0j4j3......0....1..gws-wiz.......0i71j33i22i29i30j33i21.D8Qke07AwBA&ved=0ahUKEwiaq7X0uOXkAhVHqZ4KHRatAKUQ4dUDCAs&uact=5,www.google.com
https://dictionary.cambridge.org/dictionary/english-chinese-simplified/dairy,dictionary.cambridge.org
chrome://newtab/,newtab
https://commons.wikimedia.org/wiki/Special:NewFiles?user=Bluewworks&mediatype%5B%5D=3D&mediatype%5B%5D=AUDIO&mediatype%5B%5D=BITMAP&mediatype%5B%5D=ARCHIVE&mediatype%5B%5D=DRAWING&mediatype%5B%5D=EXECUTABLE&mediatype%5B%5D=OFFICE&mediatype%5B%5D=MULTIMEDIA&mediatype%5B%5D=TEXT&mediatype%5B%5D=UNKNOWN&mediatype%5B%5D=VIDEO&start=&end=&wpFormIdentifier=specialnewimages&limit=50&offset=,commons.wikimedia.org
https://meta.wikimedia.org/w/index.php?title=Proposals_for_new_projects/WikiCode/supporters&action=edit&create=Join%21,meta.wikimedia.org
https://commons.m.wikimedia.org/wiki/File:Blue2.pdf,commons.m.wikimedia.org
https://wordpress.com/post/datawworks.wordpress.com/4824,wordpress.com
https://datawworks.wordpress.com/,datawworks.wordpress.com
https://www.bluehost.com/hosting/shared,www.bluehost.com
https://my.bluehost.com/web-hosting/cplogin,my.bluehost.com
https://login.bluehost.com/hosting/webmail?_ga=2.83280726.118296065.1569140838-726392974.1569140838&_gac=1.218093796.1569141924.Cj0KCQjwt5zsBRD8ARIsAJfI4BgnA0BkRPfV2DYEXQAPaXlExgJEIsRnyWsDB3fwOxXgN8C1-LsrXgcaAiMxEALw_wcB,login.bluehost.com
https://bluewworks.github.io/people/,bluewworks.github.io
https://helpchat.bluehost.com/,helpchat.bluehost.com
https://www.top10bestwebsitehosting.com/visit?product_id=150&url=https%3A%2F%2Fwww.bluehost.com%2Ftrack%2Fnaturalcpa%2Fsid%3DNI_%5Btracking-subid%5D&rank=2&cms_site=1&d=www.top10bestwebsitehosting.com&ignore_clickout=true&comp_id=5cbeebdd128afe003e9e6549&comp_iid=64cd4c53bcda1d4d46bfe91f340d58bd&bi=%7B%22pl%22%3A11103%2C%22p%22%3A150%2C%22plr%22%3A1478255%2C%22site_id%22%3A%2215%22%2C%22blrs%22%3A55294%2C%22plt%22%3A%22Default%22%7D&uid=tDOzsG9JAunkCP14930c&riid=rpuDtkvcRwt9rD48930c&gid=759728907.1569140830,www.top10bestwebsitehosting.com
https://mail.google.com/mail/u/1/#inbox/KtbxLvgpsZPSHPlrQqDtJNSgVsSsLrSVdV,mail.google.com
http://jair2018.net/,jair2018.net
http://jai.yorku.ca/,jai.yorku.ca
https://www.library.yorku.ca/find/MyResearch/CheckedOut,www.library.yorku.ca
https://www.computerworld.com/article/3262636/top-10-file-sharing-options-dropbox-box-google-drive-onedrive-and-more.html,www.computerworld.com
https://www.youtube.com/watch?v=ecoliBpLcDI,www.youtube.com
https://git-scm.com/docs/gitglossary#gitglossary-aiddefbarerepositoryabarerepository,git-scm.com
https://gist.github.com/zarzen/e60ff6824ff7c7424e25,gist.github.com
https://support.apple.com/en-ca/guide/mac-help/mchlp1140/mac,support.apple.com
http://support.ricoh.com/bb_v1oi/pub_e/oi_view/0001040/0001040590/view/scanner/unv/0059.htm,support.ricoh.com
https://www.laptopmag.com/articles/map-network-drive-windows-10,www.laptopmag.com
https://support.microsoft.com/en-ca/help/17145/windows-homegroup-from-start-to-finish,support.microsoft.com
https://www.imore.com/how-wirelessly-share-files-between-mac-and-pc,www.imore.com
https://www.windowscentral.com/how-setup-and-manage-windows-10-homegroup-local-network,www.windowscentral.com
https://www.wikihow.com/Connect-Two-Laptops-Through-a-LAN,www.wikihow.com
https://atom.io/,atom.io
https://itstillworks.com/use-imac-pc-monitor-9320.html,itstillworks.com
https://www.macobserver.com/tips/how-to/imac-secondary-display/,www.macobserver.com
https://en.wikipedia.org/wiki/1994,en.wikipedia.org
http://www.math.toronto.edu/~drorbn/,www.math.toronto.edu
