Client3 Url,Malicious
https://tools.wmflabs.org/newbie-uploads/,False
https://www.google.com/search?rlz=1C1JZAP_enCA845CA845&sxsrf=ACYBGNQ_imuXP3sbJRRIm8Jaz86V9f6wPQ%3A1569190168064&ei=GPGHXZq_A8fS-gSW2oKoCg&q=book+dairy+translate+chinses&oq=book+dairy+translate+chinses&gs_l=psy-ab.3..33i10i21.2456.4652..4791...0.2..0.263.1408.0j4j3......0....1..gws-wiz.......0i71j33i22i29i30j33i21.D8Qke07AwBA&ved=0ahUKEwiaq7X0uOXkAhVHqZ4KHRatAKUQ4dUDCAs&uact=5,False
https://www.google.com/search?rlz=1C1JZAP_enCA845CA845&sxsrf=ACYBGNTPlKp_OSuGLYRyQcvP_n16egbvqw%3A1569190161279&ei=EfGHXf3FENfh-gSA4bSgBA&q=book+dairy+translate&oq=book+dairy+translate&gs_l=psy-ab.3..33i160.2452.5610..5905...0.2..0.192.2202.0j14......0....1..gws-wiz.......0i71j33i22i29i30j0i10j0j0i22i30j0i22i10i30j33i21.2K4jklOm-Tc&ved=0ahUKEwi9kpfxuOXkAhXXsJ4KHYAwDUQQ4dUDCAs&uact=5,False
https://www.google.com/search?rlz=1C1JZAP_enCA845CA845&sxsrf=ACYBGNRhd1UfkkKjKA2_rB5JeVd-DI3u8Q%3A1569190155972&ei=C_GHXYb0Os_i-gTEvLXgCQ&q=book+dairy+in+chinese&oq=book+dairy+in+chinese&gs_l=psy-ab.3..33i22i29i30l10.2406.4078..4264...0.2..0.188.762.0j5......0....1..gws-wiz.......0i71j33i160.Aua818Ch1XY&ved=0ahUKEwjGpdPuuOXkAhVPsZ4KHUReDZwQ4dUDCAs&uact=5,False
https://www.google.com/search?rlz=1C1JZAP_enCA845CA845&sxsrf=ACYBGNQ-N5hssX8ji2PviKA3H-x75x5PiQ%3A1569190142465&ei=_vCHXcCJHIHX-gTL6524Dw&q=book+dairy+in+chinses&oq=book+dairy+in+chinses&gs_l=psy-ab.3...10425.11449..12556...0.2..0.185.798.0j5......0....1..gws-wiz.......0i71.K42n-GymGfo&ved=0ahUKEwjAgJvouOXkAhWBq54KHct1B_cQ4dUDCAs&uact=5,False
https://www.google.com/search?rlz=1C1JZAP_enCA845CA845&sxsrf=ACYBGNQdwe5CxxzUDF0BedPIFiv2HQ6KMg%3A1569190127484&ei=7_CHXZ-XHdH2-gTJ5qCICw&q=dairy+in+chinses&oq=dairy+in+chinses&gs_l=psy-ab.3..0i13l2j0i13i30l7j0i13i5i30.1127.5323..5492...0.2..0.187.2499.0j17......0....1..gws-wiz.......0i71j0j0i67j0i22i30j0i10j0i131j0i8i13i30.bySEsrY0qbA&ved=0ahUKEwjfyojhuOXkAhVRu54KHUkzCLEQ4dUDCAs&uact=5,False
https://www.google.com/search?rlz=1C1JZAP_enCA845CA845&sxsrf=ACYBGNTMNYXQpMfvCWt9eAH4-VCZAsgwnA%3A1569190121539&ei=6fCHXZrOIMzJ-gSB1ZPQDw&q=dairy+chinese&oq=dairy+chinese&gs_l=psy-ab.3..0l3j0i22i30l7.1130.4111..4301...0.2..0.185.1700.0j12......0....1..gws-wiz.......0i71j0i131i67j0i67j0i10.Rwa3beUVUp0&ved=0ahUKEwja5p3euOXkAhXMpJ4KHYHqBPoQ4dUDCAs&uact=5,False
https://dictionary.cambridge.org/dictionary/english-chinese-simplified/dairy,False
https://www.google.com/search?q=dairy+queen&rlz=1C1JZAP_enCA845CA845&oq=dairy&aqs=chrome.0.0j69i57j0l4.4414j0j7&sourceid=chrome&ie=UTF-8,False
https://commons.wikimedia.org/wiki/Special:NewFiles?user=Bluewworks&mediatype%5B%5D=3D&mediatype%5B%5D=AUDIO&mediatype%5B%5D=BITMAP&mediatype%5B%5D=ARCHIVE&mediatype%5B%5D=DRAWING&mediatype%5B%5D=EXECUTABLE&mediatype%5B%5D=OFFICE&mediatype%5B%5D=MULTIMEDIA&mediatype%5B%5D=TEXT&mediatype%5B%5D=UNKNOWN&mediatype%5B%5D=VIDEO&start=&end=&wpFormIdentifier=specialnewimages&limit=50&offset=,False
https://commons.wikimedia.org/wiki/Special:NewFiles,False
https://commons.wikimedia.org/wiki/Main_Page,False
https://commons.wikimedia.org/wiki/Special:UploadWizard,False
https://commons.wikimedia.org/wiki/User_talk:Achim55,False
https://commons.wikimedia.org/wiki/Commons:Deletion_requests/Files_uploaded_by_Bluewworks,False
https://commons.wikimedia.org/wiki/User_talk:Bluewworks#Notification_about_possible_deletion,False
https://meta.wikimedia.org/w/index.php?title=Proposals_for_new_projects/WikiCode/supporters&action=edit&create=Join%21,False
https://meta.wikimedia.org/w/index.php?title=Special:UserLogin&returnto=Proposals+for+new+projects%2FWikiCode%2Fsupporters&returntoquery=action%3Dedit%26create%3DJoin%2521,False
https://meta.wikimedia.org/w/index.php?action=edit&title=Proposals+for+new+projects%2FWikiCode%2Fsupporters&create=Join%21,False
https://meta.wikimedia.org/wiki/WikiCode,False
https://meta.wikimedia.org/wiki/Main_Page,False
https://www.google.com/search?q=wikicode&rlz=1C1JZAP_enCA845CA845&oq=wikicode&aqs=chrome..69i57j0l5.1889j0j7&sourceid=chrome&ie=UTF-8,False
https://commons.m.wikimedia.org/wiki/File:Blue2.pdf,False
https://commons.m.wikimedia.org/wiki/User:OgreBot/Notable_uploads/2019_September_20,False
https://wordpress.com/post/datawworks.wordpress.com/4824,False
https://wordpress.com/post/datawworks.wordpress.com,False
https://wordpress.com/posts/my/datawworks.wordpress.com,False
https://wordpress.com/stats/day/datawworks.wordpress.com,False
https://wordpress.com/stats/datawworks.wordpress.com,False
https://datawworks.wordpress.com/,False
https://www.bluehost.com/hosting/shared,False
https://www.bluehost.com/wordpress/managed-hosting?_ga=2.83280726.118296065.1569140838-726392974.1569140838&_gac=1.218093796.1569141924.Cj0KCQjwt5zsBRD8ARIsAJfI4BgnA0BkRPfV2DYEXQAPaXlExgJEIsRnyWsDB3fwOxXgN8C1-LsrXgcaAiMxEALw_wcB,False
https://my.bluehost.com/web-hosting/cplogin,False
https://login.bluehost.com/hosting/webmail?_ga=2.83280726.118296065.1569140838-726392974.1569140838&_gac=1.218093796.1569141924.Cj0KCQjwt5zsBRD8ARIsAJfI4BgnA0BkRPfV2DYEXQAPaXlExgJEIsRnyWsDB3fwOxXgN8C1-LsrXgcaAiMxEALw_wcB,False
https://my.bluehost.com/web-hosting/cplogin?_ga=2.69126097.118296065.1569140838-726392974.1569140838&_gac=1.222172522.1569141924.Cj0KCQjwt5zsBRD8ARIsAJfI4BgnA0BkRPfV2DYEXQAPaXlExgJEIsRnyWsDB3fwOxXgN8C1-LsrXgcaAiMxEALw_wcB,False
https://www.bluehost.com/registration?__token_timestamp__=1569141924&__token_val__=d39a4a8a3f4fd642934d2ce840c0f133&flow=domainDFEAddons&search=jair2018&tld=net&submit=#/domainDFEAddons/1,False
https://www.bluehost.com/registration?__token_timestamp__=1569141924&__token_val__=d39a4a8a3f4fd642934d2ce840c0f133&flow=domainDFEAddons&search=jair2018&tld=net&submit=,False
https://www.bluehost.com/domains,False
https://www.bluehost.com/?utm_source=google&utm_medium=brandsearch&kclickid=37277635-72ca-455d-9aa1-59653cf97f09&kenshoo_ida=Blue%20Host%20IDA&gclid=Cj0KCQjwt5zsBRD8ARIsAJfI4BgnA0BkRPfV2DYEXQAPaXlExgJEIsRnyWsDB3fwOxXgN8C1-LsrXgcaAiMxEALw_wcB&utm_campaign=affiliate-link_searchbrandpromo_PPC,False
https://www.google.com/search?q=bluehost&rlz=1C1JZAP_enCA845CA845&oq=bluehost&aqs=chrome..69i57j0j69i60l4.2614j1j7&sourceid=chrome&ie=UTF-8,False
https://bluewworks.github.io/people/,False
https://helpchat.bluehost.com/,False
https://www.bluehost.com/hosting/dedicated,False
https://www.bluehost.com/hosting/dedicated#pricing-cards,False
https://www.bluehost.com/special/homeaff?utm_source=www.top10bestwebsitehosting.com&utm_medium=affiliate&utm_campaign=affiliate-link_naturalcpa_Directories,False
https://www.top10bestwebsitehosting.com/visit?product_id=150&url=https%3A%2F%2Fwww.bluehost.com%2Ftrack%2Fnaturalcpa%2Fsid%3DNI_%5Btracking-subid%5D&rank=2&cms_site=1&d=www.top10bestwebsitehosting.com&ignore_clickout=true&comp_id=5cbeebdd128afe003e9e6549&comp_iid=64cd4c53bcda1d4d46bfe91f340d58bd&bi=%7B%22pl%22%3A11103%2C%22p%22%3A150%2C%22plr%22%3A1478255%2C%22site_id%22%3A%2215%22%2C%22blrs%22%3A55294%2C%22plt%22%3A%22Default%22%7D&uid=tDOzsG9JAunkCP14930c&riid=rpuDtkvcRwt9rD48930c&gid=759728907.1569140830,False
https://www.top10bestwebsitehosting.com/?utm_source=google&kw=website%20host&c=318334416237&t=search&p=&m=e&adpos=1t4&dev=c&devmod=&mobval=0&network=g&campaignid=126511188&adgroupid=9678576228&targetid=kwd-12513101&interest=&physical=9000793&feedid=&a=23&ts=CA&topic=&gclid=Cj0KCQjwt5zsBRD8ARIsAJfI4Bh-hsTr-8_R9BpYvlzhQndnWoMAd3XS-EjbHvSCYLKuCNTHQVVb8X0aAtOiEALw_wcB,False
https://www.google.com/search?q=hostin+g+a+site&rlz=1C1JZAP_enCA845CA845&oq=hostin+g+a+site&aqs=chrome..69i57j0l5.4614j1j7&sourceid=chrome&ie=UTF-8,False
https://mail.google.com/mail/u/1/#inbox/KtbxLvgpsZPSHPlrQqDtJNSgVsSsLrSVdV,False
https://mail.google.com/mail/u/1/#inbox/KtbxLvgpsZPSHPlrQqDtJNSgVsSsLrSVdV?projector=1&messagePartId=0.1,False
http://jair2018.net/,False
http://jai.yorku.ca/,False
https://mail.google.com/mail/u/1/#inbox,False
https://bluewworks.github.io/,False
https://www.library.yorku.ca/find/MyResearch/CheckedOut,False
https://www.library.yorku.ca/web/,False
https://www.google.com/search?q=library+yorku&rlz=1C1JZAP_enCA845CA845&oq=library+yorku&aqs=chrome..69i57j0l4j69i60.2765j0j7&sourceid=chrome&ie=UTF-8,False
https://mail.google.com/mail/u/1/#inbox?compose=CllgCJZWPwsSDxHVzpPthZKgSTBlZPBHrcLwBdnPpGqCfXpZvVsbpnKTqzvRQPtTCbXkBMVvtDq,False
https://mail.google.com/mail/u/0/#inbox,False
https://www.google.com/search?q=gmail&rlz=1C1JZAP_enCA845CA845&oq=gmail&aqs=chrome..69i57j0l2j69i61l3.1006j0j7&sourceid=chrome&ie=UTF-8,False
https://www.computerworld.com/article/3262636/top-10-file-sharing-options-dropbox-box-google-drive-onedrive-and-more.html,False
https://www.google.com/search?q=get+infinite+shared+storage+network&rlz=1C1JZAP_enCA845CA845&oq=get+infinite+shared+storage+network&aqs=chrome..69i57.13353j0j7&sourceid=chrome&ie=UTF-8,False
https://www.youtube.com/watch?v=ecoliBpLcDI,False
https://www.google.com/search?q=setup+shared+network+folder+windows+10&rlz=1C1JZAP_enCA845CA845&sxsrf=ACYBGNSkVODpWq6kbnFO06S4e8_DT6haHg:1569138654345&source=lnms&tbm=vid&sa=X&ved=0ahUKEwjiweGA-ePkAhXmYN8KHUmoA6EQ_AUIEigB&biw=1920&bih=937,False
https://www.google.com/search?rlz=1C1JZAP_enCA845CA845&sxsrf=ACYBGNSG1Yc9Uw7MuUN_CQTZppUiapqx4w%3A1569138650844&ei=2ieHXcuVM6K5ggf_0ZHACA&q=setup+shared+network+folder+windows+10&oq=shared+network+setup+&gs_l=psy-ab.1.1.0i22i30l7.1271.1271..2612...0.2..0.79.79.1......0....1..gws-wiz.......0i71.1s86DAsBMQY,False
https://www.google.com/search?q=shared+network+setup&rlz=1C1JZAP_enCA845CA845&oq=shared+network+setup&aqs=chrome..69i57j0l5.5960j0j8&sourceid=chrome&ie=UTF-8,False
https://git-scm.com/docs/gitglossary#gitglossary-aiddefbarerepositoryabarerepository,False
https://gist.github.com/zarzen/e60ff6824ff7c7424e25,False
https://www.google.com/search?q=commit+ti+github+over+shrad+network&rlz=1C1JZAP_enCA845CA845&oq=commit+ti+github+over+shrad+network&aqs=chrome..69i57j33.9854j0j4&sourceid=chrome&ie=UTF-8,False
https://support.apple.com/en-ca/guide/mac-help/mchlp1140/mac,False
https://www.google.com/search?q=add+shared+network+to+a+mac&rlz=1C1JZAP_enCA845CA845&oq=add+shared+network+to+a+mac&aqs=chrome..69i57j0l5.5766j0j7&sourceid=chrome&ie=UTF-8,False
http://support.ricoh.com/bb_v1oi/pub_e/oi_view/0001040/0001040590/view/scanner/unv/0059.htm,False
https://www.google.com/search?q=create+shared+network+folder&rlz=1C1JZAP_enCA845CA845&oq=create+shared+network&aqs=chrome.0.0j69i57j0l4.5151j0j7&sourceid=chrome&ie=UTF-8,False
https://www.laptopmag.com/articles/map-network-drive-windows-10,False
https://www.google.com/search?q=share+my+drives+in+network+windows+10&rlz=1C1JZAP_enCA845CA845&oq=share+my+drives+in+network+&aqs=chrome.1.69i57j33.11118j1j7&sourceid=chrome&ie=UTF-8,False
https://www.google.com/search?q=create+homegroup+windows+10&rlz=1C1JZAP_enCA845CA845&sxsrf=ACYBGNQ8k5Hig96B2rahUe90a75bZzwhjw:1569138187602&source=lnms&tbm=vid&sa=X&ved=0ahUKEwix6pmi9-PkAhWhmeAKHU3JBRQQ_AUIEigB&biw=1920&bih=937,False
https://www.google.com/search?q=create+homegroup+windows+10&rlz=1C1JZAP_enCA845CA845&oq=create+homegroup&aqs=chrome.0.69i59j69i57j0l4.4963j0j8&sourceid=chrome&ie=UTF-8,False
https://support.microsoft.com/en-ca/help/17145/windows-homegroup-from-start-to-finish,False
https://support.microsoft.com/en-ca/help/4089498,False
https://www.google.com/search?q=homegroup&rlz=1C1JZAP_enCA845CA845&oq=homegroup&aqs=chrome..69i57j0l4j69i60.3255j0j9&sourceid=chrome&ie=UTF-8,False
https://www.google.com/search?q=if+my+pc+is+shut+down%2Cwill+my+gomegrup+be+off&rlz=1C1JZAP_enCA845CA845&oq=if+my+pc+is+shut+down%2Cwill+my+gomegrup+be+off&aqs=chrome..69i57.14942j0j9&sourceid=chrome&ie=UTF-8,False
https://www.google.com/search?q=set+up+homegroup+mac+and+pc&rlz=1C1JZAP_enCA845CA845&oq=set+up+homegroup+mac+and+pc&aqs=chrome..69i57.8582j0j7&sourceid=chrome&ie=UTF-8,False
https://www.imore.com/how-wirelessly-share-files-between-mac-and-pc,False
https://www.google.com/search?q=share+bwtwwen+amc+and+pc&rlz=1C1JZAP_enCA845CA845&oq=share+bwtwwen+amc+and+pc&aqs=chrome..69i57j0l5.5822j0j7&sourceid=chrome&ie=UTF-8,False
https://www.windowscentral.com/how-setup-and-manage-windows-10-homegroup-local-network,False
https://www.google.com/search?q=create+homegroup+windows+10&rlz=1C1JZAP_enCA845CA845&oq=create+homegroup&aqs=chrome.0.0j69i57j0l4.4846j0j7&sourceid=chrome&ie=UTF-8,False
https://www.wikihow.com/Connect-Two-Laptops-Through-a-LAN,False
https://www.google.com/search?q=connect+two+latptos+together&rlz=1C1JZAP_enCA845CA845&oq=connect+two+latptos+together&aqs=chrome..69i57j0l5.6329j0j7&sourceid=chrome&ie=UTF-8,False
https://wordpress.com/,False
https://www.laptopmag.com/articles/turn-windows-10-pc-into-wirelss-display,False
https://www.google.com/search?q=make+my+pc+a+wireless+display&rlz=1C1JZAP_enCA845CA845&oq=make+my+pc+a+wireless+display&aqs=chrome..69i57j0l3.11697j0j7&sourceid=chrome&ie=UTF-8,False
https://atom.io/,False
https://www.google.com/search?rlz=1C1JZAP_enCA845CA845&sxsrf=ACYBGNTFPFE8ZBH-wYFuXY3j_k28--Xetw%3A1569135987819&ei=cx2HXf7TMYq3ggfVzaG4Dg&q=atom&oq=atom&gs_l=psy-ab.3..0l3j0i131l2j0j0i131j0j0i131j0.2660.3852..4352...0.2..0.126.469.0j4......0....1..gws-wiz.......0i71j0i67j0i131i67.KCqbXiQaTWY&ved=0ahUKEwi-2aGJ7-PkAhWKm-AKHdVmCOcQ4dUDCAs&uact=5,False
https://www.google.com/search?q=atpm&rlz=1C1JZAP_enCA845CA845&oq=atpm&aqs=chrome..69i57j0l5.1503j0j7&sourceid=chrome&ie=UTF-8,False
https://www.google.com/search?q=make+my+imac+a+wirless+monitor&rlz=1C1JZAP_enCA845CA845&oq=make+my+imac+a+wirless+monitor&aqs=chrome..69i57j33.10719j0j7&sourceid=chrome&ie=UTF-8,False
https://itstillworks.com/use-imac-pc-monitor-9320.html,False
https://www.macobserver.com/tips/how-to/imac-secondary-display/,False
https://en.wikipedia.org/wiki/1994,False
http://www.math.toronto.edu/~drorbn/,False
https://bluewworks.github.io/Academic-Peniseve/People/,False
https://bluewworks.github.io/Academic-Peniseve/,False
https://bluewworks.github.io/Academic-Peniseve/Files/,False
https://bluewworks.github.io/Academic-Peniseve/Projects/,False
https://bluewworks.github.io/Academic-Peniseve/wps/,False
https://bluewworks.github.io/Academic-Peniseve/Videos,False
https://bluewworks.github.io/Academic-Peniseve/Gallery/,False
https://bluewworks.github.io/Academic-Peniseve/2019/09/index.html,False
https://bluewworks.github.io/Academic-Peniseve/2019/10/index.html,False
https://bluewworks.github.io/Academic-Peniseve/2019/08/index.html,False
https://datawworks.wordpress.com/2019/07/21/table/,False
https://bluewworks.github.io/Academic-Peniseve/2019/07/index.html,False
https://github.com/bluewworks/Academic-Peniseve/blob/master/index.html,False
https://github.com/bluewworks/Academic-Peniseve,False
https://github.com/bluewworks,False
https://bluewworks.github.io/Academic-Peniseve/2019/02/index.html,False
view-source:https://bluewworks.github.io/Academic-Peniseve/,False
https://pentest-tools.com/website-vulnerability-scanning/discover-hidden-directories-and-files#,False
https://pentest-tools.com/website-vulnerability-scanning/discover-hidden-directories-and-files,False
https://www.google.com/search?q=see+hidden+directories+website&rlz=1C1JZAP_enCA845CA845&oq=see+hidden+directories&aqs=chrome.0.69i59l2j69i57j0l3.4734j0j7&sourceid=chrome&ie=UTF-8,False
http://www.math.toronto.edu/~drorbn/Talks/,False
http://www.math.toronto.edu/~drorbn/Talks/Portfolio/,False
http://www.math.toronto.edu/~drorbn/Talks/Portfolio/thumb032.png,False
view-source:http://www.math.toronto.edu/~drorbn/Talks/Portfolio/,False
https://stackoverflow.com/questions/9369917/htaccess-redirect-index-php-to-root-including-subdomains/18818370#18818370,False
https://www.templatemonster.com/blog/integrate-static-html-wordpress/,False
https://www.google.com/search?q=upload+html+to+wordpress&rlz=1C1JZAP_enCA845CA845&oq=upload+html+to+wordpress&aqs=chrome..69i57j0l5.5198j0j7&sourceid=chrome&ie=UTF-8,False
https://www.wpbeginner.com/wp-tutorials/how-to-upload-a-html-page-to-wordpress-without-404-errors/,False
https://nricxenterprises.wordpress.com/,False
https://bluewworks.wordpress.com/,False
