Client5 Url,Malicious
https://app.reef-education.com/#/question/3bbed52d-8c15-42df-b7d5-3b065ff3c2ca,False
https://app.reef-education.com/#/unified-home/93c86c62-87c8-418c-8bf6-1644601365de/activity-history,False
https://app.reef-education.com/#/unified-home/93c86c62-87c8-418c-8bf6-1644601365de,False
https://app.reef-education.com/#/polling,False
https://app.reef-education.com/#/question/0bcb8591-e2fa-4ca5-a802-ab50819b77f5,False
https://app.reef-education.com/#/question/0bcb8591-e2fa-4ca5-a802-ab50819b77f5/results,False
https://app.reef-education.com/#/question/2f6e8979-bc93-48fd-8e62-e75671c31eaf,False
https://app.reef-education.com/#/courses/93c86c62-87c8-418c-8bf6-1644601365de/tab/default,False
https://app.reef-education.com/#/courses,False
https://app.reef-education.com/#/login,False
https://app.reef-education.com/,False
https://www.iclicker.com/,False
https://www.google.com/search?q=create+wikimedia+pages&rlz=1CDGOYI_enCA857CA857&oq=create+wikimedia+pages&aqs=chrome..69i57j0l3.13903j0j7&hl=en-US&sourceid=chrome-mobile&ie=UTF-8,False
https://en.m.wikipedia.org/wiki/Benjamin_Millepied,False
https://en.m.wikipedia.org/wiki/Natalie_Portman,False
https://www.google.com/search?q=portman+2019&rlz=1CDGOYI_enCA857CA857&oq=portman+2019&aqs=chrome..69i57j0l3.10274j0j7&hl=en-US&sourceid=chrome-mobile&ie=UTF-8,False
https://www.google.com/search?q=http+archive+viewer&rlz=1CDGOYI_enCA857CA857&hl=en-US&prmd=vin&sxsrf=ACYBGNSpKkoJY_Dn0odEDm0n0-oaaJUZmQ:1569006139011&source=lnms&tbm=isch&sa=X&ved=2ahUKEwjAoMOsi-DkAhUEM6wKHRvYB6MQ_AUoAnoECA8QAg&biw=320&bih=430,False
https://chrome.google.com/webstore/detail/http-archive-viewer/ebbdbdmhegaoooipfnjikefdpeoaidml?hl=en,False
https://www.google.com/search?q=Louis+Hynes&hl=en-US&rlz=1CDGOYI_enCA857CA857&stick=H4sIAAAAAAAAAONgFuLVT9c3NEzONchJLzaLV4JyjSotKivLjbTEspOt9EvKgCi-oCg_vSgx1yo5sbhkESu3T35pZrGCR2VeavEOVkYA0YbO3EkAAAA&prmd=inv&sxsrf=ACYBGNRgZJiYaxUehyPy9ZB4nTLAEprT1Q:1569005918709&source=lnms&tbm=isch&sa=X&ved=0ahUKEwjvl73DiuDkAhVPF6wKHfm5BGkQ_AUIFigB&biw=320&bih=430#imgrc=u2JQ0qfp9oa73M,False
https://www.google.com/search?q=Louis+Hynes&hl=en-US&rlz=1CDGOYI_enCA857CA857&stick=H4sIAAAAAAAAAONgFuLVT9c3NEzONchJLzaLV4JyjSotKivLjbTEspOt9EvKgCi-oCg_vSgx1yo5sbhkESu3T35pZrGCR2VeavEOVkYA0YbO3EkAAAA&prmd=inv&sxsrf=ACYBGNRgZJiYaxUehyPy9ZB4nTLAEprT1Q:1569005918709&source=lnms&tbm=isch&sa=X&ved=0ahUKEwjvl73DiuDkAhVPF6wKHfm5BGkQ_AUIFigB&biw=320&bih=430#imgrc=GVrf5AjMgZ9O7M,False
https://www.google.com/search?q=Louis+Hynes&hl=en-US&rlz=1CDGOYI_enCA857CA857&stick=H4sIAAAAAAAAAONgFuLVT9c3NEzONchJLzaLV4JyjSotKivLjbTEspOt9EvKgCi-oCg_vSgx1yo5sbhkESu3T35pZrGCR2VeavEOVkYA0YbO3EkAAAA&prmd=inv&sxsrf=ACYBGNRgZJiYaxUehyPy9ZB4nTLAEprT1Q:1569005918709&source=lnms&tbm=isch&sa=X&ved=0ahUKEwjvl73DiuDkAhVPF6wKHfm5BGkQ_AUIFigB&biw=320&bih=430,False
https://www.google.com/search?hl=en-US&rlz=1CDGOYI_enCA857CA857&sxsrf=ACYBGNRFltjjr2X81aTB9lwuw7Ew34BxRw:1569005880473&q=Louis+Hynes&stick=H4sIAAAAAAAAAONgFuLVT9c3NEzONchJLzaLV4JyjSotKivLjbTEspOt9EvKgCi-oCg_vSgx1yo5sbhkESu3T35pZrGCR2VeavEOVkYA0YbO3EkAAAA&sa=X&sqi=2&pjf=1&ved=2ahUKEwiWz56xiuDkAhXppVkKHesAA8AQ9OUBMAN6BAgLEAo&biw=320&bih=430&dpr=2,False
https://www.google.com/search?q=series+of+unfortunate+events&rlz=1CDGOYI_enCA857CA857&oq=ser&aqs=chrome.0.69i59j69i65j69i57j69i61l3.3254j0j7&hl=en-US&sourceid=chrome-mobile&ie=UTF-8#wgvs=e&wptab=s:H4sIAAAAAAAAAONgVuLVT9c3NEzONchJLzaLf8TozS3w8sc9YSmnSWtOXmO04eIKzsgvd80rySypFNLjYoOyVLgEpVB1ajBI8XOhCvHsYmIPKXNMLskvWsSqnKhQnFqUmVqskJ-mUJqXll9UUpqXWJKqkFqWmldSrJCcWFwCACNds6qPAAAA,False
https://www.google.com/search?q=series+of+unfortunate+events&rlz=1CDGOYI_enCA857CA857&oq=ser&aqs=chrome.0.69i59j69i65j69i57j69i61l3.3254j0j7&hl=en-US&sourceid=chrome-mobile&ie=UTF-8#wptab=s:H4sIAAAAAAAAAONgVuLVT9c3NEzONchJLzaLf8TozS3w8sc9YSmnSWtOXmO04eIKzsgvd80rySypFNLjYoOyVLgEpVB1ajBI8XOhCvHsYmIPKXNMLskvWsSqnKhQnFqUmVqskJ-mUJqXll9UUpqXWJKqkFqWmldSrJCcWFwCACNds6qPAAAA,False
https://www.google.com/search?q=series+of+unfortunate+events&rlz=1CDGOYI_enCA857CA857&oq=ser&aqs=chrome.0.69i59j69i65j69i57j69i61l3.3254j0j7&hl=en-US&sourceid=chrome-mobile&ie=UTF-8,False
https://m.youtube.com/channel/UCnYI2azfTL5j2D-LjvrO7CA/videos,False
https://m.youtube.com/channel/UCnYI2azfTL5j2D-LjvrO7CA?view_as=subscriber,False
https://bluewworks.github.io/,False
https://datawworks.wordpress.com/,False
https://raw.githubusercontent.com/bluewworks/history/master/2019/BrowserHistory.json,False
https://en.m.wikipedia.org/wiki/Malina_Weissman,False
https://www.google.com/search?rlz=1CDGOYI_enCA857CA857&hl=en-US&sxsrf=ACYBGNT-8euZKx49IsVowxiz-mn5c6fOZw:1568991531615&q=Malina+Weissman&stick=H4sIAAAAAAAAAONgFuLVT9c3NEzONchJLzaLV4Jwk6oKjY3Ky421xLKTrfRLyoAovqAoP70oMdcqObG4ZBErv29iTmZeokJ4amZxcW5i3g5WRgB8vstFTQAAAA&sa=X&ved=0ahUKEwjay5b31N_kAhVNbKwKHR4GCnUQgOQBCLABMB0&biw=320&bih=517,False
https://www.google.com/search?q=series+of+unfortunate+events&rlz=1CDGOYI_enCA857CA857&oq=series+of+&aqs=chrome.0.0j69i57j0l2.3913j0j4&hl=en-US&sourceid=chrome-mobile&ie=UTF-8,False
https://www.google.com/search?q=file.tyoes.supported+by+kaggle&rlz=1CDGOYI_enCA857CA857&oq=file.tyoes.supported+by+kaggle&aqs=chrome..69i57.6762j0j7&hl=en-US&sourceid=chrome-mobile&ie=UTF-8,False
https://user.lbsg.net/stats/leaderboard,False
https://user.lbsg.net/login?userId=,False
https://lbsg.net/,False
http://lbsg.net/,False
https://www.google.com/search?q=jai+ramanathan&rlz=1CDGOYI_enCA857CA857&hl=en-US&prmd=nvi&sxsrf=ACYBGNQJH0PO3vMMn16QkktpuDpRepqF_w:1568987467808&source=lnms&tbm=isch&sa=X&ved=0ahUKEwi7xrPlxd_kAhVP7qwKHddjBxAQ_AUIFigD&biw=320&bih=430,False
https://www.google.com/search?q=jai+ramanathan&rlz=1CDGOYI_enCA857CA857&hl=en-US&prmd=nvi&sxsrf=ACYBGNSKx800boEIR594w4lD416lsS2-6Q:1568987453499&source=lnms&sa=X&ved=0ahUKEwidjcrexd_kAhUQup4KHQiuAn0Q_AUIEygA&biw=320&bih=430&dpr=2,False
https://www.google.com/search?sa=X&rlz=1CDGOYI_enCA857CA857&sxsrf=ACYBGNQJH0PO3vMMn16QkktpuDpRepqF_w:1568987467808&q=jai+ramanathan&tbm=isch&source=lnms&hl=en-US&fir=SbqZ0R8OBzvJXM%253A%252C7ah0OwtxcQni6M%252C_%253B6V5ZgFTPPVrYSM%253A%252Cj6xYK8I5zeDZXM%252C_%253Bw_aYgaj-_dgPUM%253A%252Cj6xYK8I5zeDZXM%252C_%253Bs1YGCcKu65SdZM%253A%252C5TrbnyQR-E_j-M%252C_%253Bs-om-3RXDw3vSM%253A%252Cd513UfXPUPOk8M%252C_%253BehT0zQiuMBm3bM%253A%252C5TrbnyQR-E_j-M%252C_%253BkpE8qjqi-IttEM%253A%252CRLapNOSEsbq5vM%252C_%253BywyC5L67dRaDRM%253A%252C7tfsPx4jZLp5cM%252C_%253BhnCYAnvXH297yM%253A%252CsP56b8hpO2w4lM%252C_%253BOt_MGz53s8l6eM%253A%252CsP56b8hpO2w4lM%252C_&usg=AI4_-kQkVlmFgGx-VD5rXU2Bzs3x_brKNg&ved=2ahUKEwi7xrPlxd_kAhVP7qwKHddjBxAQ4216BAgGECQ&biw=320&bih=517,False
https://www.google.com/search?rlz=1CDGOYI_enCA857CA857&hl=en-US&biw=320&bih=430&tbm=vid&sxsrf=ACYBGNQjLb2C1kTjqeRl5iD3cKw2qE0ndw%3A1568987443287&ei=M9mEXd2QEdG8-gTVkbiQAg&q=jai+ramanathan&oq=jai+ramanathan&gs_l=mobile-gws-serp.3...2073.8826.0.9194.40.38.0.1.1.0.282.5424.0j36j2.38.0....0...1c.1.64.mobile-gws-serp..22.17.2496.2..0j41j0i13k1j0i10k1j0i131k1j0i3k1j0i5i30k1j0i8i10i30k1j0i8i30k1j33i160k1j0i8i13i30k1.0.say667dL4xU,False
https://www.google.com/search?q=https://bluewworks.github.io/templates/aca&rlz=1CDGOYI_enCA857CA857&hl=en-US&prmd=vni&sxsrf=ACYBGNT7Lu-F9Wh1lkgZWNCRdbdzElbuGg:1568987436500&source=lnms&tbm=vid&sa=X&ved=2ahUKEwio1bzWxd_kAhVEXq0KHWIPCnAQ_AUoAXoECAMQAQ&biw=320&bih=430&dpr=2,False
https://www.google.com/search?q=https%3A%2F%2Fbluewworks.github.io%2Ftemplates%2Faca&rlz=1CDGOYI_enCA857CA857&oq=https%3A%2F%2Fbluewworks.github.io%2Ftemplates%2Faca&aqs=chrome..69i58j69i57.3848j0j4&hl=en-US&sourceid=chrome-mobile&ie=UTF-8,False
https://bluewworks.github.io/templates/index.html,False
https://bluewworks.github.io/classes/,False
https://bluewworks.github.io/classes/york/Introduction%20to%20Computing%20for%20Mathematics%20and%20Statistics/,False
https://www.google.com/search?q=bluewworks&rlz=1CDGOYI_enCA857CA857&hl=en-US&prmd=mvin&sxsrf=ACYBGNQplfMze8Dy7pqXJDyupwJnwIbA6A:1568987169876&ei=IdiEXZOONYXatAXb-pzIDg&start=30&sa=N&biw=320&bih=517&dpr=2,False
https://www.google.com/search?q=bluewworks&rlz=1CDGOYI_enCA857CA857&hl=en-US&prmd=mvin&sxsrf=ACYBGNTEb1b6AD58CzQFKrLYWLJByrhX1Q:1568987124524&ei=9NeEXa_ZH8iGsAXZ35jYCA&start=20&sa=N&biw=320&bih=517,False
https://www.google.com/search?q=bluewworks&rlz=1CDGOYI_enCA857CA857&hl=en-US&prmd=mvin&sxsrf=ACYBGNT9xG8L_7JXkdT1RGi3bsCM6-3dfw:1568987079208&ei=x9eEXdyXDIXCsQXf5KOwBQ&start=10&sa=N&biw=320&bih=517,False
https://ru-clip.net/re/classification/,False
https://www.google.com/search?q=bluewworks&rlz=1CDGOYI_enCA857CA857&oq=bluewworks&aqs=chrome..69i57j69i60l3j0l2.5865j0j4&hl=en-US&sourceid=chrome-mobile&ie=UTF-8,False
https://www.google.com/search?rlz=1CDGOYI_enCA857CA857&sxsrf=ACYBGNT9xG8L_7JXkdT1RGi3bsCM6-3dfw:1568987079208&q=bluewworks&tbm=isch&source=univ&hl=en-US&fir=isL-V8oak_IsfM%253A%252CL-eoAgKaSqzO0M%252C_%253Bs1YGCcKu65SdZM%253A%252C5TrbnyQR-E_j-M%252C_%253BhFpuDPUWwtXclM%253A%252CtjNsw18i-p1-TM%252C_%253B93SD3hXGDJds-M%253A%252CeVXR-e-s_KK6oM%252C_%253Bc21dmTuF_KDo0M%253A%252CzkQjCAtJUF63WM%252C_%253BsOuBmY0gJmabNM%253A%252CQRm64jrnOAP4HM%252C_%253BWAaGuJAEz0aA_M%253A%252CEEKAEMzewVGc3M%252C_%253BEZLAxIVeCc1cxM%253A%252CDcI2W_WUWVaWWM%252C_%253B1NOvZxnL3fq-hM%253A%252CTKnlDPQk0LiMOM%252C_%253BmsOaKMlxHlLWyM%253A%252CcCuxd3g2hzs_UM%252C_&usg=AI4_-kTN6cxpNDSx1Hi47HRxmN6yaONASQ&sa=X&ved=2ahUKEwicl42sxN_kAhUFYawKHV_yCFYQ7Al6BAgKEAI&biw=320&bih=517,False
https://github.com/codehog,False
https://www.google.com/search?q=codehogs&rlz=1CDGOYI_enCA857CA857&oq=codehogs&aqs=chrome..69i57j0l3.2242j0j7&hl=en-US&sourceid=chrome-mobile&ie=UTF-8,False
https://analytics.google.com/analytics/web/#/report-home/a145048346w206675314p199518321,False
https://analytics.google.com/analytics/web/#/,False
https://analytics.google.com/analytics/web/,False
https://www.google.com/search?q=google+analytics&rlz=1CDGOYI_enCA857CA857&oq=google+analytics&aqs=chrome..69i57j0l3.6488j0j7&hl=en-US&sourceid=chrome-mobile&ie=UTF-8,False
about:blank,False
https://www.google.com/search?q=sync+azure+devops+via+github&rlz=1CDGOYI_enCA857CA857&oq=sync+azure+devops+via+github&aqs=chrome..69i57j0l3.10722j1j7&hl=en-US&sourceid=chrome-mobile&ie=UTF-8,False
https://azure.microsoft.com/en-ca/blog/rapidly-develop-blockchain-solutions-but-avoid-the-complexities/,False
https://sg.linkedin.com/in/benjamin-tang-99906114,False
https://www.google.com/search?rlz=1CDGOYI_enCA857CA857&hl=en-US&sxsrf=ACYBGNS7Xa6JCn1se8VptGnPauv7UjYbRw%3A1568909669695&ei=ZamDXYeCKpyM1fAPtoG3mAs&q=ben+tang+singapore+inventor&oq=ben+tang+singapore+inventor&gs_l=mobile-gws-wiz-serp.3..33i160.21390.24972..27974...0.0..0.2478.5377.0j4j4-2j1j1j9-1......0....1.........0i22i30j33i21.XLyJRg4ATaY,False
https://www.google.com/search?rlz=1CDGOYI_enCA857CA857&hl=en-US&sxsrf=ACYBGNR_RW1Hjk38Hn3qpqkFgHDx8QJUKQ%3A1568909619311&ei=M6mDXdvPEqmb1fAPyvWt2Ao&q=ben+tang+singapore&oq=ben+tang+singaporw&gs_l=mobile-gws-wiz-serp.1.0.0i13.7009.11215..12624...0.0..1.785.2951.0j4j3j1j0j1j1......0....1.........0j0i22i30j33i160.oScafWab_VA,False
https://www.google.com/search?q=ben+tang&rlz=1CDGOYI_enCA857CA857&oq=ben+tang&aqs=chrome..69i57j0l3.3505j0j7&hl=en-US&sourceid=chrome-mobile&ie=UTF-8,False
https://ca.linkedin.com/in/ben-tang,False
https://azure.microsoft.com/en-ca/pricing/,False
https://azure.microsoft.com/en-ca/overview/sales-number/,False
https://www.google.com/amp/s/amp.reddit.com/r/mixer/comments/93e50n/can_you_upload_videos_to_mixer/,False
https://www.google.com/search?q=upload+to+mixer&rlz=1CDGOYI_enCA857CA857&oq=upload+to+mixer&aqs=chrome..69i57j0l3.7129j0j7&hl=en-US&sourceid=chrome-mobile&ie=UTF-8,False
https://azure.microsoft.com/en-ca/blog/topics/big-data/,False
https://m.soundcloud.com/,False
https://www.iclicker.com/getting-started/,False
https://iclicker.com/,False
https://app.reef-education.com/#/question/31e188d4-0620-49bc-9983-b0c91ad1f161,False
https://app.reef-education.com/#/question/5a4f008e-f53b-4ae6-86c2-a73b2c01cc11,False
https://app.reef-education.com/#/question/f4af2278-e0b0-4cd6-b204-a8185d242171,False
https://app.reef-education.com/#/question/7f6de207-0dd9-4069-aa15-ec570d902b38,False
https://app.reef-education.com/#/question/9f586d03-a438-4a19-a9fe-979c0d9827ad,False
https://www.ratemyprofessors.com/ShowRatings.jsp?tid=1458981,False
https://www.google.com/search?rlz=1CDGOYI_enCA857CA857&hl=en-US&sxsrf=ACYBGNQ3j9mSdSMCkMr8EyoY1y_f8tLMvQ%3A1568646664883&ei=CKZ_XZ67NYSe-gTawaroDw&q=rate+my+prof+iain+moyles&oq=rate+my+prof+ian+moyles&gs_l=mobile-gws-wiz-serp.1.0.30i10.6972.14880..16424...10.0..1.385.3173.0j1j7j4......0....1.........33i22i29i30j33i160.jpfsTyoQJOQ,False
https://www.google.com/search?q=rate+my+prof+ian+moules&rlz=1CDGOYI_enCA857CA857&oq=rate+my+prof+ian+moules&aqs=chrome..69i57.13225j0j0&hl=en-US&sourceid=chrome-mobile&ie=UTF-8,False
http://mathstats.info.yorku.ca/people/faculty/,False
http://www.math.yorku.ca/~liuwei/,False
https://app.reef-education.com/#/question/955b36ea-2760-4f13-85c1-64a8e22db5d4,False
https://app.reef-education.com/#/question/6042a246-908b-4c4c-a5d5-6f0cfd5013cc,False
https://www.google.com/search?q=iclicker&rlz=1CDGOYI_enCA857CA857&oq=iclicker&aqs=chrome..69i57j69i60j69i59.1648j0j0&hl=en-US&sourceid=chrome-mobile&ie=UTF-8,False
https://bluewworks.github.io/classes/Introduction%20to%20Computing%20for%20Mathematics%20and%20Statistics/,False
http://edfurman.info.yorku.ca/publications/,False
http://edfurman.info.yorku.ca/news/,False
http://edfurman.info.yorku.ca/teaching/math-3281-3-00/,False
https://www.google.com/search?q=edward+furman&rlz=1CDGOYI_enCA857CA857&oq=edward+furman&aqs=chrome..69i57j0l3.5898j0j4&hl=en-US&sourceid=chrome-mobile&ie=UTF-8,False
https://www.google.com/search?q=ordered+field&rlz=1CDGOYI_enCA857CA857&oq=ordered+fi&aqs=chrome.1.69i57j0l3.5035j1j0&hl=en-US&sourceid=chrome-mobile&ie=UTF-8,False
https://en.m.wikipedia.org/wiki/Ordered_field,False
https://www.google.com/search?q=math+dept+yorki&rlz=1CDGOYI_enCA857CA857&oq=math+dept+yorki&aqs=chrome..69i57j0.5029j0j0&hl=en-US&sourceid=chrome-mobile&ie=UTF-8,False
https://www.google.com/search?q=michael+haslam&rlz=1CDGOYI_enCA857CA857&oq=michael+haslam&aqs=chrome..69i57j0l3.5040j0j0&hl=en-US&sourceid=chrome-mobile&ie=UTF-8,False
https://www.google.com/amp/s/www.researchgate.net/profile/Michael_Haslam/amp,False
https://scholar.google.ca/scholar?q=author%3A%22Haslam%2C+Michael+C.%22+%22York+University%22+-%22New+York+University%22+-%22University+of+York%22&btnG=&hl=en&as_sdt=0%2C5,False
"https://scholar.google.ca/scholar?start=10&q=author:%22Haslam,+Michael+C.%22+%22York+University%22+-%22New+York+University%22+-%22University+of+York%22&hl=en&as_sdt=0,5",False
