Client1 Url,Client2 Url,Client3 Url,Client4 Url,Client5 Url
https://datawworks.wordpress.com/,https://bluewworks.wordpress.com/classes/,https://tools.wmflabs.org/newbie-uploads/,https://www.google.com/search?q=conncet+to+github+via+shared+folder&oq=conncet+to+github+via+shared+folder&aqs=chrome..69i57.21308j0j7&sourceid=chrome&ie=UTF-8,https://app.reef-education.com/#/question/3bbed52d-8c15-42df-b7d5-3b065ff3c2ca
chrome://newtab/,https://bluewworks.github.io/classes/york/Introduction%20to%20Microeconomics/,https://www.google.com/search?rlz=1C1JZAP_enCA845CA845&sxsrf=ACYBGNQ_imuXP3sbJRRIm8Jaz86V9f6wPQ%3A1569190168064&ei=GPGHXZq_A8fS-gSW2oKoCg&q=book+dairy+translate+chinses&oq=book+dairy+translate+chinses&gs_l=psy-ab.3..33i10i21.2456.4652..4791...0.2..0.263.1408.0j4j3......0....1..gws-wiz.......0i71j33i22i29i30j33i21.D8Qke07AwBA&ved=0ahUKEwiaq7X0uOXkAhVHqZ4KHRatAKUQ4dUDCAs&uact=5,chrome://newtab/,https://app.reef-education.com/#/unified-home/93c86c62-87c8-418c-8bf6-1644601365de/activity-history
https://bluewworks.github.io/,https://wordpress.com/page/bluewworks.wordpress.com/5010,https://www.google.com/search?rlz=1C1JZAP_enCA845CA845&sxsrf=ACYBGNTPlKp_OSuGLYRyQcvP_n16egbvqw%3A1569190161279&ei=EfGHXf3FENfh-gSA4bSgBA&q=book+dairy+translate&oq=book+dairy+translate&gs_l=psy-ab.3..33i160.2452.5610..5905...0.2..0.192.2202.0j14......0....1..gws-wiz.......0i71j33i22i29i30j0i10j0j0i22i30j0i22i10i30j33i21.2K4jklOm-Tc&ved=0ahUKEwi9kpfxuOXkAhXXsJ4KHYAwDUQQ4dUDCAs&uact=5,https://itsfoss.com/get-linux-laptops/,https://app.reef-education.com/#/unified-home/93c86c62-87c8-418c-8bf6-1644601365de
https://bluewworks.github.io/classes/,view-source:https://bluewworks.github.io/classes/,https://www.google.com/search?rlz=1C1JZAP_enCA845CA845&sxsrf=ACYBGNRhd1UfkkKjKA2_rB5JeVd-DI3u8Q%3A1569190155972&ei=C_GHXYb0Os_i-gTEvLXgCQ&q=book+dairy+in+chinese&oq=book+dairy+in+chinese&gs_l=psy-ab.3..33i22i29i30l10.2406.4078..4264...0.2..0.188.762.0j5......0....1..gws-wiz.......0i71j33i160.Aua818Ch1XY&ved=0ahUKEwjGpdPuuOXkAhVPsZ4KHUReDZwQ4dUDCAs&uact=5,https://www.google.com/search?q=buy+linux+laptop&oq=buy+linux+&aqs=chrome.1.69i57j0l5.6873j0j7&sourceid=chrome&ie=UTF-8,https://app.reef-education.com/#/polling
https://bluewworks.github.io/classes/york/Analysis%20I/index.html,https://bluewworks.github.io/classes/,https://www.google.com/search?rlz=1C1JZAP_enCA845CA845&sxsrf=ACYBGNQ-N5hssX8ji2PviKA3H-x75x5PiQ%3A1569190142465&ei=_vCHXcCJHIHX-gTL6524Dw&q=book+dairy+in+chinses&oq=book+dairy+in+chinses&gs_l=psy-ab.3...10425.11449..12556...0.2..0.185.798.0j5......0....1..gws-wiz.......0i71.K42n-GymGfo&ved=0ahUKEwjAgJvouOXkAhWBq54KHct1B_cQ4dUDCAs&uact=5,https://www.youtube.com/watch?v=6Z5DSPZ2IjY,https://app.reef-education.com/#/question/0bcb8591-e2fa-4ca5-a802-ab50819b77f5
https://bluewworks.github.io/Videos/Movies/,https://bluewworks.github.io/,https://www.google.com/search?rlz=1C1JZAP_enCA845CA845&sxsrf=ACYBGNQdwe5CxxzUDF0BedPIFiv2HQ6KMg%3A1569190127484&ei=7_CHXZ-XHdH2-gTJ5qCICw&q=dairy+in+chinses&oq=dairy+in+chinses&gs_l=psy-ab.3..0i13l2j0i13i30l7j0i13i5i30.1127.5323..5492...0.2..0.187.2499.0j17......0....1..gws-wiz.......0i71j0j0i67j0i22i30j0i10j0i131j0i8i13i30.bySEsrY0qbA&ved=0ahUKEwjfyojhuOXkAhVRu54KHUkzCLEQ4dUDCAs&uact=5,https://www.google.com/search?sxsrf=ACYBGNRaMW9pZ7u-h0SPKstF9_WDEB22tg%3A1569151675789&ei=u1qHXZzqL6aRggeYjp6YBg&q=connect+mac+to+pc&oq=connect+mac+to+pc&gs_l=psy-ab.3..0l10.13603.23372..23531...4.2..0.130.1660.17j3......0....1..gws-wiz.....0..0i71j0i67j0i131j0i10.TB_G0JZhOMM&ved=0ahUKEwjcs-_BqeTkAhWmiOAKHRiHB2MQ4dUDCAs&uact=5,https://app.reef-education.com/#/question/0bcb8591-e2fa-4ca5-a802-ab50819b77f5/results
https://www.wcoanimedub.tv/the-promised-neverland-episode-11-english-dubbed,chrome://newtab/,https://www.google.com/search?rlz=1C1JZAP_enCA845CA845&sxsrf=ACYBGNTMNYXQpMfvCWt9eAH4-VCZAsgwnA%3A1569190121539&ei=6fCHXZrOIMzJ-gSB1ZPQDw&q=dairy+chinese&oq=dairy+chinese&gs_l=psy-ab.3..0l3j0i22i30l7.1130.4111..4301...0.2..0.185.1700.0j12......0....1..gws-wiz.......0i71j0i131i67j0i67j0i10.Rwa3beUVUp0&ved=0ahUKEwja5p3euOXkAhXMpJ4KHYHqBPoQ4dUDCAs&uact=5,https://www.macworld.co.uk/how-to/mac/share-files-between-windows-mac-over-network-3647667/,https://app.reef-education.com/#/question/2f6e8979-bc93-48fd-8e62-e75671c31eaf
https://www.wcoanimedub.tv/the-promised-neverland-episode-10-english-dubbed,https://books.scholarsportal.info/en/read?id=/ebooks/ebooks3/ogdc/2017-10-10/3/337309-3#page=NaN,https://dictionary.cambridge.org/dictionary/english-chinese-simplified/dairy,https://www.google.com/search?q=acess+shared+network+of+mac+from+pc&oq=acess+shared+network+of+mac+from+pc&aqs=chrome..69i57j33l2.11419j0j7&sourceid=chrome&ie=UTF-8,https://app.reef-education.com/#/courses/93c86c62-87c8-418c-8bf6-1644601365de/tab/default
https://www.wcoanimedub.tv/anime/the-promised-neverland,https://books.scholarsportal.info/en/read?id=/ebooks/ebooks3/ogdc/2017-10-10/3/337309-3,https://www.google.com/search?q=dairy+queen&rlz=1C1JZAP_enCA845CA845&oq=dairy&aqs=chrome.0.0j69i57j0l4.4414j0j7&sourceid=chrome&ie=UTF-8,https://www.google.com/search?q=my+user+name+and+password+mac&oq=my+user+name+and+password+mac&aqs=chrome..69i57j0l5.10756j0j7&sourceid=chrome&ie=UTF-8,https://app.reef-education.com/#/courses
https://www.wcoanimedub.tv/the-promised-neverland-episode-1-english-dubbed,https://www.library.yorku.ca/find/Search/Results?type=AllFields&lookfor=Cambridge&mylang=en,chrome://newtab/,http://osxdaily.com/2011/09/08/share-files-from-mac-to-windows-pc/,https://app.reef-education.com/#/login
https://www.wcoanimedub.tv/dubbed-anime-list#T,https://bluewworks.github.io/files/Papyrus/checkout4.html,https://commons.wikimedia.org/wiki/Special:NewFiles?user=Bluewworks&mediatype%5B%5D=3D&mediatype%5B%5D=AUDIO&mediatype%5B%5D=BITMAP&mediatype%5B%5D=ARCHIVE&mediatype%5B%5D=DRAWING&mediatype%5B%5D=EXECUTABLE&mediatype%5B%5D=OFFICE&mediatype%5B%5D=MULTIMEDIA&mediatype%5B%5D=TEXT&mediatype%5B%5D=UNKNOWN&mediatype%5B%5D=VIDEO&start=&end=&wpFormIdentifier=specialnewimages&limit=50&offset=,https://www.google.com/search?q=access+shred+file+on+mac+to+pc&oq=access+shred+file+on+mac+to+pc&aqs=chrome..69i57j33.7514j0j7&sourceid=chrome&ie=UTF-8,https://app.reef-education.com/
https://www.wcoanimedub.tv/dubbed-anime-list,https://bluewworks.github.io/files/Papyrus/checkout1.html,https://commons.wikimedia.org/wiki/Special:NewFiles,https://support.apple.com/en-ca/guide/mac-help/mh17131/mac,https://www.iclicker.com/
https://www.wco.tv/,https://bluewworks.github.io/files/,https://commons.wikimedia.org/wiki/Main_Page,https://www.google.com/search?q=set+up+mac+sharing&oq=set+up+mac+sharing&aqs=chrome..69i57j0l5.12195j0j7&sourceid=chrome&ie=UTF-8,chrome://newtab/
https://yakusokunoneverland.fandom.com/wiki/The_Promised_Neverland,https://bluewworks.github.io/bookds,https://commons.wikimedia.org/wiki/Special:UploadWizard,https://en.wikipedia.org/wiki/List_of_video_editing_software,https://www.google.com/search?q=create+wikimedia+pages&rlz=1CDGOYI_enCA857CA857&oq=create+wikimedia+pages&aqs=chrome..69i57j0l3.13903j0j7&hl=en-US&sourceid=chrome-mobile&ie=UTF-8
https://yakusokunoneverland.fandom.com/wiki/Demon_World,https://onedrive.live.com/?authkey=%21AI5U%5FsVgpU0wCio&cid=B680609FB3A97FED&id=B680609FB3A97FED%21157&parId=root&o=OneUp,https://commons.wikimedia.org/wiki/User_talk:Achim55,https://support.google.com/youtube/answer/2888404?hl=en&visit_id=637047478691437730-2034202485&rd=1,https://en.m.wikipedia.org/wiki/Benjamin_Millepied
https://www.google.com/search?q=demons+eat+humans+in+farms&rlz=1CDGOYI_enCA857CA857&oq=demons+eat+humans+in+farms&aqs=chrome..69i57.14898j0j4&hl=en-US&sourceid=chrome-mobile&ie=UTF-8,https://www.library.yorku.ca/find/Record/43279,https://commons.wikimedia.org/wiki/Commons:Deletion_requests/Files_uploaded_by_Bluewworks,https://support.google.com/youtube/troubleshooter/2888402?visit_id=637047478691437730-2034202485&hl=en-GB&rd=1#ts=2888341,https://en.m.wikipedia.org/wiki/Natalie_Portman
https://www.wcoanimesub.tv/subbed-anime-list#Y,https://www.library.yorku.ca/find/MyResearch/CheckedOut,https://commons.wikimedia.org/wiki/User_talk:Bluewworks#Notification_about_possible_deletion,https://support.google.com/youtube/troubleshooter/2888402?visit_id=637047478691437730-2034202485&hl=en-GB&rd=1,https://www.google.com/search?q=portman+2019&rlz=1CDGOYI_enCA857CA857&oq=portman+2019&aqs=chrome..69i57j0l3.10274j0j7&hl=en-US&sourceid=chrome-mobile&ie=UTF-8
https://www.wcoanimesub.tv/subbed-anime-list,https://www.library.yorku.ca/find/MyResearch/MyList,https://meta.wikimedia.org/w/index.php?title=Proposals_for_new_projects/WikiCode/supporters&action=edit&create=Join%21,https://www.youtube.com/upload,https://www.google.com/search?q=http+archive+viewer&rlz=1CDGOYI_enCA857CA857&hl=en-US&prmd=vin&sxsrf=ACYBGNSpKkoJY_Dn0odEDm0n0-oaaJUZmQ:1569006139011&source=lnms&tbm=isch&sa=X&ved=2ahUKEwjAoMOsi-DkAhUEM6wKHRvYB6MQ_AUoAnoECA8QAg&biw=320&bih=430
https://www.wcoanimedub.tv/dubbed-anime-list#Y,https://www.library.yorku.ca/web/,https://meta.wikimedia.org/w/index.php?title=Special:UserLogin&returnto=Proposals+for+new+projects%2FWikiCode%2Fsupporters&returntoquery=action%3Dedit%26create%3DJoin%2521,https://www.youtube.com/,https://chrome.google.com/webstore/detail/http-archive-viewer/ebbdbdmhegaoooipfnjikefdpeoaidml?hl=en
https://www.google.com/search?q=frozen+2&rlz=1CDGOYI_enCA857CA857&hl=en-US&prmd=vni&sxsrf=ACYBGNT5t_61x9fJdvMC0ORlLxe4RjeICA:1569739153447&source=lnms&tbm=vid&sa=X&ved=0ahUKEwiv_IWFtvXkAhUHPK0KHUU3Ck4Q_AUIFigB&biw=375&bih=539,https://www.google.com/search?q=york+libarry&rlz=1C1CHBF_enCA854CA854&oq=york+libarry&aqs=chrome..69i57j0l5.4839j0j7&sourceid=chrome&ie=UTF-8,https://meta.wikimedia.org/w/index.php?action=edit&title=Proposals+for+new+projects%2FWikiCode%2Fsupporters&create=Join%21,https://www.google.com/search?q=host+website+with+AWS&sxsrf=ACYBGNSfKU3CFzZL2Za7RMV0FT4uZlV3uw:1569150976903&source=lnms&sa=X&ved=0ahUKEwji4s70puTkAhXSm-AKHXaKA-0Q_AUICSgA&biw=1600&bih=789&dpr=2,https://www.google.com/search?q=Louis+Hynes&hl=en-US&rlz=1CDGOYI_enCA857CA857&stick=H4sIAAAAAAAAAONgFuLVT9c3NEzONchJLzaLV4JyjSotKivLjbTEspOt9EvKgCi-oCg_vSgx1yo5sbhkESu3T35pZrGCR2VeavEOVkYA0YbO3EkAAAA&prmd=inv&sxsrf=ACYBGNRgZJiYaxUehyPy9ZB4nTLAEprT1Q:1569005918709&source=lnms&tbm=isch&sa=X&ved=0ahUKEwjvl73DiuDkAhVPF6wKHfm5BGkQ_AUIFigB&biw=320&bih=430#imgrc=u2JQ0qfp9oa73M
https://m.youtube.com/watch?v=yyJ8EvPxz-w,https://github.com/,https://meta.wikimedia.org/wiki/WikiCode,https://www.google.com/search?biw=1600&bih=789&tbm=vid&sxsrf=ACYBGNSAWHPdk513cgkiAWWTGrwOnWq6Sw%3A1569150950513&ei=5leHXbb-HqOk_Qah0LrwBg&q=host+website+with+AWS&oq=host+website+with+AWS&gs_l=psy-ab.3..0.9251.15348.0.16124.22.14.0.8.8.0.84.974.13.14.0....0...1c.1.64.psy-ab..0.21.984.0..0i131k1j0i10k1j0i3k1.63.MKHZg_D8eFY,https://www.google.com/search?q=Louis+Hynes&hl=en-US&rlz=1CDGOYI_enCA857CA857&stick=H4sIAAAAAAAAAONgFuLVT9c3NEzONchJLzaLV4JyjSotKivLjbTEspOt9EvKgCi-oCg_vSgx1yo5sbhkESu3T35pZrGCR2VeavEOVkYA0YbO3EkAAAA&prmd=inv&sxsrf=ACYBGNRgZJiYaxUehyPy9ZB4nTLAEprT1Q:1569005918709&source=lnms&tbm=isch&sa=X&ved=0ahUKEwjvl73DiuDkAhVPF6wKHfm5BGkQ_AUIFigB&biw=320&bih=430#imgrc=GVrf5AjMgZ9O7M
https://www.google.com/search?q=frozen+2&rlz=1CDGOYI_enCA857CA857&oq=fro&aqs=chrome.5.69i59j69i61l2j69i57j69i61j0.2263j0j7&hl=en-US&sourceid=chrome-mobile&ie=UTF-8,https://bluewworks.wordpress.com/,https://meta.wikimedia.org/wiki/Main_Page,https://www.youtube.com/watch?v=E78VKAPwmDM,https://www.google.com/search?q=Louis+Hynes&hl=en-US&rlz=1CDGOYI_enCA857CA857&stick=H4sIAAAAAAAAAONgFuLVT9c3NEzONchJLzaLV4JyjSotKivLjbTEspOt9EvKgCi-oCg_vSgx1yo5sbhkESu3T35pZrGCR2VeavEOVkYA0YbO3EkAAAA&prmd=inv&sxsrf=ACYBGNRgZJiYaxUehyPy9ZB4nTLAEprT1Q:1569005918709&source=lnms&tbm=isch&sa=X&ved=0ahUKEwjvl73DiuDkAhVPF6wKHfm5BGkQ_AUIFigB&biw=320&bih=430
http://m.fanfox.net/manga/risou_no_musume_nara_sekai_saikyou_demo_kawaigatte_kuremasuka/c002.2/19.html,https://bluewworks.wordpress.com/notes-2/podcasts-sounds/,https://www.google.com/search?q=wikicode&rlz=1C1JZAP_enCA845CA845&oq=wikicode&aqs=chrome..69i57j0l5.1889j0j7&sourceid=chrome&ie=UTF-8,https://www.google.com/search?biw=1600&bih=789&tbm=vid&sxsrf=ACYBGNTEYFNqmeSzOtSy18HDC3utABuaSw%3A1569150895345&ei=r1eHXYDYFM6e_Qahn7_oBg&q=host+php+website+with+azure&oq=host+php+website+with+azure&gs_l=psy-ab.3...3706.4807.0.5223.4.4.0.0.0.0.105.347.3j1.4.0....0...1c.1.64.psy-ab..0.2.197...0i13k1.0.jFw6r7J8_qc,https://www.google.com/search?hl=en-US&rlz=1CDGOYI_enCA857CA857&sxsrf=ACYBGNRFltjjr2X81aTB9lwuw7Ew34BxRw:1569005880473&q=Louis+Hynes&stick=H4sIAAAAAAAAAONgFuLVT9c3NEzONchJLzaLV4JyjSotKivLjbTEspOt9EvKgCi-oCg_vSgx1yo5sbhkESu3T35pZrGCR2VeavEOVkYA0YbO3EkAAAA&sa=X&sqi=2&pjf=1&ved=2ahUKEwiWz56xiuDkAhXppVkKHesAA8AQ9OUBMAN6BAgLEAo&biw=320&bih=430&dpr=2
http://m.fanfox.net/manga/risou_no_musume_nara_sekai_saikyou_demo_kawaigatte_kuremasuka/c002.2/18.html,https://bluewworks.wordpress.com/books/pdfs/,https://commons.m.wikimedia.org/wiki/File:Blue2.pdf,https://www.youtube.com/watch?v=p9v1q20FVGE,https://www.google.com/search?q=series+of+unfortunate+events&rlz=1CDGOYI_enCA857CA857&oq=ser&aqs=chrome.0.69i59j69i65j69i57j69i61l3.3254j0j7&hl=en-US&sourceid=chrome-mobile&ie=UTF-8#wgvs=e&wptab=s:H4sIAAAAAAAAAONgVuLVT9c3NEzONchJLzaLf8TozS3w8sc9YSmnSWtOXmO04eIKzsgvd80rySypFNLjYoOyVLgEpVB1ajBI8XOhCvHsYmIPKXNMLskvWsSqnKhQnFqUmVqskJ-mUJqXll9UUpqXWJKqkFqWmldSrJCcWFwCACNds6qPAAAA
http://m.fanfox.net/manga/risou_no_musume_nara_sekai_saikyou_demo_kawaigatte_kuremasuka/c002.2/17.html,https://bluewworks.wordpress.com/books/,https://commons.m.wikimedia.org/wiki/User:OgreBot/Notable_uploads/2019_September_20,https://www.google.com/search?q=host+website+with+azure&sxsrf=ACYBGNTjNbeNnLicESYREPjb9tMCwSWIHw:1569150890741&source=lnms&tbm=vid&sa=X&ved=0ahUKEwjy8MPLpuTkAhWjneAKHTmHBwYQ_AUIEigB&biw=1600&bih=789,https://www.google.com/search?q=series+of+unfortunate+events&rlz=1CDGOYI_enCA857CA857&oq=ser&aqs=chrome.0.69i59j69i65j69i57j69i61l3.3254j0j7&hl=en-US&sourceid=chrome-mobile&ie=UTF-8#wptab=s:H4sIAAAAAAAAAONgVuLVT9c3NEzONchJLzaLf8TozS3w8sc9YSmnSWtOXmO04eIKzsgvd80rySypFNLjYoOyVLgEpVB1ajBI8XOhCvHsYmIPKXNMLskvWsSqnKhQnFqUmVqskJ-mUJqXll9UUpqXWJKqkFqWmldSrJCcWFwCACNds6qPAAAA
http://m.fanfox.net/manga/risou_no_musume_nara_sekai_saikyou_demo_kawaigatte_kuremasuka/c002.2/16.html,https://bluewworks.wordpress.com/4962-2/,https://wordpress.com/post/datawworks.wordpress.com/4824,https://www.youtube.com/watch?v=gYpNC_tdbQQ,https://www.google.com/search?q=series+of+unfortunate+events&rlz=1CDGOYI_enCA857CA857&oq=ser&aqs=chrome.0.69i59j69i65j69i57j69i61l3.3254j0j7&hl=en-US&sourceid=chrome-mobile&ie=UTF-8
http://m.fanfox.net/manga/risou_no_musume_nara_sekai_saikyou_demo_kawaigatte_kuremasuka/c002.2/15.html,https://wordpress.com/customize/bluewworks.wordpress.com,https://wordpress.com/post/datawworks.wordpress.com,https://www.google.com/search?q=host+website+with+azure&oq=host+website+with+azure&aqs=chrome..69i57j0l5.5186j0j7&sourceid=chrome&ie=UTF-8,https://m.youtube.com/channel/UCnYI2azfTL5j2D-LjvrO7CA/videos
http://m.fanfox.net/manga/risou_no_musume_nara_sekai_saikyou_demo_kawaigatte_kuremasuka/c002.2/14.html,https://wordpress.com/posts/my/bluewworks.wordpress.com,https://wordpress.com/posts/my/datawworks.wordpress.com,https://docs.microsoft.com/en-us/azure/virtual-network/tutorial-filter-network-traffic,https://m.youtube.com/channel/UCnYI2azfTL5j2D-LjvrO7CA?view_as=subscriber
http://m.fanfox.net/manga/risou_no_musume_nara_sekai_saikyou_demo_kawaigatte_kuremasuka/c002.2/13.html,https://bluewworks.wordpress.com/2019/09/29/schedule/,https://wordpress.com/stats/day/datawworks.wordpress.com,https://docs.microsoft.com/en-us/azure/virtual-network/quick-create-portal,https://bluewworks.github.io/
http://m.fanfox.net/manga/risou_no_musume_nara_sekai_saikyou_demo_kawaigatte_kuremasuka/c002.2/12.html,https://wordpress.com/post/bluewworks.wordpress.com/5015,https://wordpress.com/stats/datawworks.wordpress.com,https://www.google.com/search?q=set+up+shared+azure+network&oq=set+up+shared+azure+network&aqs=chrome..69i57j33.8696j0j7&sourceid=chrome&ie=UTF-8,https://datawworks.wordpress.com/
http://m.fanfox.net/manga/risou_no_musume_nara_sekai_saikyou_demo_kawaigatte_kuremasuka/c002.2/11.html,https://wordpress.com/post/bluewworks.wordpress.com,https://datawworks.wordpress.com/,https://signin.aws.amazon.com/signin?redirect_uri=https%3A%2F%2Fconsole.aws.amazon.com%2Fa4b%2Fhome%3Fstate%3DhashArgs%2523%26isauthcode%3Dtrue&client_id=arn%3Aaws%3Aiam%3A%3A015428540659%3Auser%2Fmoneypenny&forceMobileApp=0,https://raw.githubusercontent.com/bluewworks/history/master/2019/BrowserHistory.json
http://m.fanfox.net/manga/risou_no_musume_nara_sekai_saikyou_demo_kawaigatte_kuremasuka/c002.2/10.html,https://wordpress.com/stats/day/bluewworks.wordpress.com,https://www.bluehost.com/hosting/shared,https://docs.aws.amazon.com/en_pv/a4b/latest/ag/getting-started.html,https://en.m.wikipedia.org/wiki/Malina_Weissman
http://m.fanfox.net/manga/risou_no_musume_nara_sekai_saikyou_demo_kawaigatte_kuremasuka/c002.2/9.html,view-source:https://bluewworks.github.io/Schedules/index.html,https://www.bluehost.com/wordpress/managed-hosting?_ga=2.83280726.118296065.1569140838-726392974.1569140838&_gac=1.218093796.1569141924.Cj0KCQjwt5zsBRD8ARIsAJfI4BgnA0BkRPfV2DYEXQAPaXlExgJEIsRnyWsDB3fwOxXgN8C1-LsrXgcaAiMxEALw_wcB,https://docs.aws.amazon.com/a4b/latest/ag/getting-started.html,https://www.google.com/search?rlz=1CDGOYI_enCA857CA857&hl=en-US&sxsrf=ACYBGNT-8euZKx49IsVowxiz-mn5c6fOZw:1568991531615&q=Malina+Weissman&stick=H4sIAAAAAAAAAONgFuLVT9c3NEzONchJLzaLV4Jwk6oKjY3Ky421xLKTrfRLyoAovqAoP70oMdcqObG4ZBErv29iTmZeokJ4amZxcW5i3g5WRgB8vstFTQAAAA&sa=X&ved=0ahUKEwjay5b31N_kAhVNbKwKHR4GCnUQgOQBCLABMB0&biw=320&bih=517
http://m.fanfox.net/manga/risou_no_musume_nara_sekai_saikyou_demo_kawaigatte_kuremasuka/c002.2/8.html,https://bluewworks.github.io/Schedules/index.html,https://my.bluehost.com/web-hosting/cplogin,https://www.google.com/search?q=set+up+amazon+shared+network&oq=set+up+amazon+shared+network&aqs=chrome..69i57j33.10642j0j7&sourceid=chrome&ie=UTF-8,https://www.google.com/search?q=series+of+unfortunate+events&rlz=1CDGOYI_enCA857CA857&oq=series+of+&aqs=chrome.0.0j69i57j0l2.3913j0j4&hl=en-US&sourceid=chrome-mobile&ie=UTF-8
http://m.fanfox.net/manga/risou_no_musume_nara_sekai_saikyou_demo_kawaigatte_kuremasuka/c002.2/7.html,https://bluewworks.wordpress.com/home-2/first-year-coursesnon-mathematics/sc-phys-1410-3-00physical-science/,https://login.bluehost.com/hosting/webmail?_ga=2.83280726.118296065.1569140838-726392974.1569140838&_gac=1.218093796.1569141924.Cj0KCQjwt5zsBRD8ARIsAJfI4BgnA0BkRPfV2DYEXQAPaXlExgJEIsRnyWsDB3fwOxXgN8C1-LsrXgcaAiMxEALw_wcB,https://en.wikipedia.org/wiki/Fax#Wire_transmission,https://www.google.com/search?q=file.tyoes.supported+by+kaggle&rlz=1CDGOYI_enCA857CA857&oq=file.tyoes.supported+by+kaggle&aqs=chrome..69i57.6762j0j7&hl=en-US&sourceid=chrome-mobile&ie=UTF-8
http://m.fanfox.net/manga/risou_no_musume_nara_sekai_saikyou_demo_kawaigatte_kuremasuka/c002.2/6.html,https://bluewworks.wordpress.com/home-2/,https://my.bluehost.com/web-hosting/cplogin?_ga=2.69126097.118296065.1569140838-726392974.1569140838&_gac=1.222172522.1569141924.Cj0KCQjwt5zsBRD8ARIsAJfI4BgnA0BkRPfV2DYEXQAPaXlExgJEIsRnyWsDB3fwOxXgN8C1-LsrXgcaAiMxEALw_wcB,https://en.wikipedia.org/wiki/Fax,https://user.lbsg.net/stats/leaderboard
http://m.fanfox.net/manga/risou_no_musume_nara_sekai_saikyou_demo_kawaigatte_kuremasuka/c002.2/5.html,https://bluewworks.wordpress.com/home-2/second-year-courses/sc-math-2031-1-00/,https://www.bluehost.com/registration?__token_timestamp__=1569141924&__token_val__=d39a4a8a3f4fd642934d2ce840c0f133&flow=domainDFEAddons&search=jair2018&tld=net&submit=#/domainDFEAddons/1,https://www.google.com/search?q=fax+wiki&oq=fax+wiki&aqs=chrome..69i57j0l5.1777j0j7&sourceid=chrome&ie=UTF-8,https://user.lbsg.net/login?userId=
http://m.fanfox.net/manga/risou_no_musume_nara_sekai_saikyou_demo_kawaigatte_kuremasuka/c002.2/4.html,https://bluewworks.wordpress.com/wp-admin/post.php?post=5010&action=edit,https://www.bluehost.com/registration?__token_timestamp__=1569141924&__token_val__=d39a4a8a3f4fd642934d2ce840c0f133&flow=domainDFEAddons&search=jair2018&tld=net&submit=,https://www.google.com/search?sxsrf=ACYBGNQ1nLW5OCnlE36AR4avOnCEAEks1w%3A1569150635387&ei=q1aHXfqdF8W1ggeh_7uQBg&q=set+up+fax+adress+hp&oq=set+up+fax+adress+hp&gs_l=psy-ab.3..33i22i10i29i30l3.4945.6380..6707...0.2..0.96.275.3......0....1..gws-wiz.......0i71j33i10j33i160.olGQX1MoflM&ved=0ahUKEwi6n-LRpeTkAhXFmuAKHaH_DmIQ4dUDCAs&uact=5,https://lbsg.net/
http://m.fanfox.net/manga/risou_no_musume_nara_sekai_saikyou_demo_kawaigatte_kuremasuka/c002.2/3.html,https://bluewworks.wordpress.com/wp-admin/post-new.php?post_type=page&wp-post-new-reload=true,https://www.bluehost.com/domains,https://www.google.com/search?sxsrf=ACYBGNQ1nLW5OCnlE36AR4avOnCEAEks1w%3A1569150635387&ei=q1aHXfqdF8W1ggeh_7uQBg&q=set+up+fax+adress+hp&oq=set+up+fax+adress+hp&gs_l=psy-ab.3..33i22i10i29i30l3.4945.6380..6707...0.2..0.96.275.3......0....1..gws-wiz.......0i71j33i10j33i160.olGQX1MoflM&ved=0ahUKEwi6n-LRpeTkAhXFmuAKHaH_DmIQ4dUDCAs&uact=5#kpvalbx=_11aHXe6CMbGHggeX2LaoAw29,http://lbsg.net/
http://m.fanfox.net/manga/risou_no_musume_nara_sekai_saikyou_demo_kawaigatte_kuremasuka/c002.2/2.html,https://bluewworks.wordpress.com/?s=classes,https://www.bluehost.com/?utm_source=google&utm_medium=brandsearch&kclickid=37277635-72ca-455d-9aa1-59653cf97f09&kenshoo_ida=Blue%20Host%20IDA&gclid=Cj0KCQjwt5zsBRD8ARIsAJfI4BgnA0BkRPfV2DYEXQAPaXlExgJEIsRnyWsDB3fwOxXgN8C1-LsrXgcaAiMxEALw_wcB&utm_campaign=affiliate-link_searchbrandpromo_PPC,https://www.google.com/search?q=set+up+fax+adress&oq=set+up+fax+adress&aqs=chrome..69i57j0l5.9074j0j8&sourceid=chrome&ie=UTF-8,https://www.google.com/search?q=jai+ramanathan&rlz=1CDGOYI_enCA857CA857&hl=en-US&prmd=nvi&sxsrf=ACYBGNQJH0PO3vMMn16QkktpuDpRepqF_w:1568987467808&source=lnms&tbm=isch&sa=X&ved=0ahUKEwi7xrPlxd_kAhVP7qwKHddjBxAQ_AUIFigD&biw=320&bih=430
http://m.fanfox.net/manga/risou_no_musume_nara_sekai_saikyou_demo_kawaigatte_kuremasuka/c002.2/1.html,https://bluewworks.wordpress.com/wp-admin/post-new.php?post_type=page,https://www.google.com/search?q=bluehost&rlz=1C1JZAP_enCA845CA845&oq=bluehost&aqs=chrome..69i57j0j69i60l4.2614j1j7&sourceid=chrome&ie=UTF-8,https://www.efax.ca/how-it-works,https://www.google.com/search?q=jai+ramanathan&rlz=1CDGOYI_enCA857CA857&hl=en-US&prmd=nvi&sxsrf=ACYBGNSKx800boEIR594w4lD416lsS2-6Q:1568987453499&source=lnms&sa=X&ved=0ahUKEwidjcrexd_kAhUQup4KHQiuAn0Q_AUIEygA&biw=320&bih=430&dpr=2
http://m.fanfox.net/manga/risou_no_musume_nara_sekai_saikyou_demo_kawaigatte_kuremasuka/c002.1/14.html,https://wordpress.com/,https://bluewworks.github.io/people/,https://www.google.com/,https://www.google.com/search?sa=X&rlz=1CDGOYI_enCA857CA857&sxsrf=ACYBGNQJH0PO3vMMn16QkktpuDpRepqF_w:1568987467808&q=jai+ramanathan&tbm=isch&source=lnms&hl=en-US&fir=SbqZ0R8OBzvJXM%253A%252C7ah0OwtxcQni6M%252C_%253B6V5ZgFTPPVrYSM%253A%252Cj6xYK8I5zeDZXM%252C_%253Bw_aYgaj-_dgPUM%253A%252Cj6xYK8I5zeDZXM%252C_%253Bs1YGCcKu65SdZM%253A%252C5TrbnyQR-E_j-M%252C_%253Bs-om-3RXDw3vSM%253A%252Cd513UfXPUPOk8M%252C_%253BehT0zQiuMBm3bM%253A%252C5TrbnyQR-E_j-M%252C_%253BkpE8qjqi-IttEM%253A%252CRLapNOSEsbq5vM%252C_%253BywyC5L67dRaDRM%253A%252C7tfsPx4jZLp5cM%252C_%253BhnCYAnvXH297yM%253A%252CsP56b8hpO2w4lM%252C_%253BOt_MGz53s8l6eM%253A%252CsP56b8hpO2w4lM%252C_&usg=AI4_-kQkVlmFgGx-VD5rXU2Bzs3x_brKNg&ved=2ahUKEwi7xrPlxd_kAhVP7qwKHddjBxAQ4216BAgGECQ&biw=320&bih=517
http://m.fanfox.net/manga/risou_no_musume_nara_sekai_saikyou_demo_kawaigatte_kuremasuka/c002.1/13.html,https://login.live.com/login.srf?wa=wsignin1.0&rpsnv=13&ct=1569722172&rver=7.1.6819.0&wp=MBI_SSL_SHARED&lc=1033&id=250206&cbcxt=sky&ru=https%3A%2F%2Fonedrive%2Elive%2Ecom%2F%3Fid%3DB680609FB3A97FED%2521157%26cid%3DB680609FB3A97FED%26action%3DShareByLink%26authkey%3D%2521AI5U%255FsVgpU0wCio&wreply=https%3A%2F%2Fonedrive%2Elive%2Ecom%2F%3Fid%3DB680609FB3A97FED%2521157%26cid%3DB680609FB3A97FED%26action%3DShareByLink%26authkey%3D%2521AI5U%255FsVgpU0wCio,https://helpchat.bluehost.com/,https://accounts.google.com/signin/v2/sl/pwd?ssp=1&email_hint=datawworks%40gmail.com&continue=https%3A%2F%2Fwww.google.com%2F&flowName=GlifDesktopChromeSync&cid=1&navigationDirection=forward,https://www.google.com/search?rlz=1CDGOYI_enCA857CA857&hl=en-US&biw=320&bih=430&tbm=vid&sxsrf=ACYBGNQjLb2C1kTjqeRl5iD3cKw2qE0ndw%3A1568987443287&ei=M9mEXd2QEdG8-gTVkbiQAg&q=jai+ramanathan&oq=jai+ramanathan&gs_l=mobile-gws-serp.3...2073.8826.0.9194.40.38.0.1.1.0.282.5424.0j36j2.38.0....0...1c.1.64.mobile-gws-serp..22.17.2496.2..0j41j0i13k1j0i10k1j0i131k1j0i3k1j0i5i30k1j0i8i10i30k1j0i8i30k1j33i160k1j0i8i13i30k1.0.say667dL4xU
http://m.fanfox.net/manga/risou_no_musume_nara_sekai_saikyou_demo_kawaigatte_kuremasuka/c002.1/12.html,https://bluewworks.wordpress.com/wp-admin/nav-menus.php,https://www.bluehost.com/hosting/dedicated,https://accounts.google.com/signin/chrome/sync/identifier?ssp=1&email_hint=datawworks%40gmail.com&continue=https%3A%2F%2Fwww.google.com%2F&flowName=GlifDesktopChromeSync,https://www.google.com/search?q=https://bluewworks.github.io/templates/aca&rlz=1CDGOYI_enCA857CA857&hl=en-US&prmd=vni&sxsrf=ACYBGNT7Lu-F9Wh1lkgZWNCRdbdzElbuGg:1568987436500&source=lnms&tbm=vid&sa=X&ved=2ahUKEwio1bzWxd_kAhVEXq0KHWIPCnAQ_AUoAXoECAMQAQ&biw=320&bih=430&dpr=2
http://m.fanfox.net/manga/risou_no_musume_nara_sekai_saikyou_demo_kawaigatte_kuremasuka/c002.1/11.html,https://wordpress.com/view/bluewworks.wordpress.com,https://www.bluehost.com/hosting/dedicated#pricing-cards,https://support.microsoft.com/en-ca/help/17463/windows-7-connect-to-another-computer-remote-desktop-connection,https://www.google.com/search?q=https%3A%2F%2Fbluewworks.github.io%2Ftemplates%2Faca&rlz=1CDGOYI_enCA857CA857&oq=https%3A%2F%2Fbluewworks.github.io%2Ftemplates%2Faca&aqs=chrome..69i58j69i57.3848j0j4&hl=en-US&sourceid=chrome-mobile&ie=UTF-8
http://m.fanfox.net/manga/risou_no_musume_nara_sekai_saikyou_demo_kawaigatte_kuremasuka/c002.1/10.html,https://wordpress.com/import/bluewworks.wordpress.com,https://www.bluehost.com/special/homeaff?utm_source=www.top10bestwebsitehosting.com&utm_medium=affiliate&utm_campaign=affiliate-link_naturalcpa_Directories,https://www.google.com/search?q=connect+remotely+to+my+pc&oq=connect+remotely+to+my+pc&aqs=chrome.0.0l6.12025j1j7&sourceid=chrome&ie=UTF-8,https://bluewworks.github.io/templates/index.html
http://m.fanfox.net/manga/risou_no_musume_nara_sekai_saikyou_demo_kawaigatte_kuremasuka/c002.1/9.html,https://wordpress.com/export/allowingchain.wordpress.com,https://www.top10bestwebsitehosting.com/visit?product_id=150&url=https%3A%2F%2Fwww.bluehost.com%2Ftrack%2Fnaturalcpa%2Fsid%3DNI_%5Btracking-subid%5D&rank=2&cms_site=1&d=www.top10bestwebsitehosting.com&ignore_clickout=true&comp_id=5cbeebdd128afe003e9e6549&comp_iid=64cd4c53bcda1d4d46bfe91f340d58bd&bi=%7B%22pl%22%3A11103%2C%22p%22%3A150%2C%22plr%22%3A1478255%2C%22site_id%22%3A%2215%22%2C%22blrs%22%3A55294%2C%22plt%22%3A%22Default%22%7D&uid=tDOzsG9JAunkCP14930c&riid=rpuDtkvcRwt9rD48930c&gid=759728907.1569140830,https://www.netflix.com/Kids/category/67599,https://bluewworks.github.io/classes/
http://m.fanfox.net/manga/risou_no_musume_nara_sekai_saikyou_demo_kawaigatte_kuremasuka/c002.1/8.html,https://wordpress.com/stats/day/allowingchain.wordpress.com,https://www.top10bestwebsitehosting.com/?utm_source=google&kw=website%20host&c=318334416237&t=search&p=&m=e&adpos=1t4&dev=c&devmod=&mobval=0&network=g&campaignid=126511188&adgroupid=9678576228&targetid=kwd-12513101&interest=&physical=9000793&feedid=&a=23&ts=CA&topic=&gclid=Cj0KCQjwt5zsBRD8ARIsAJfI4Bh-hsTr-8_R9BpYvlzhQndnWoMAd3XS-EjbHvSCYLKuCNTHQVVb8X0aAtOiEALw_wcB,https://www.netflix.com/Kids,https://bluewworks.github.io/classes/york/Introduction%20to%20Computing%20for%20Mathematics%20and%20Statistics/
http://m.fanfox.net/manga/risou_no_musume_nara_sekai_saikyou_demo_kawaigatte_kuremasuka/c002.1/7.html,https://wordpress.com/stats/allowingchain.wordpress.com,https://www.google.com/search?q=hostin+g+a+site&rlz=1C1JZAP_enCA845CA845&oq=hostin+g+a+site&aqs=chrome..69i57j0l5.4614j1j7&sourceid=chrome&ie=UTF-8,https://www.netflix.com/browse,https://www.google.com/search?q=bluewworks&rlz=1CDGOYI_enCA857CA857&hl=en-US&prmd=mvin&sxsrf=ACYBGNQplfMze8Dy7pqXJDyupwJnwIbA6A:1568987169876&ei=IdiEXZOONYXatAXb-pzIDg&start=30&sa=N&biw=320&bih=517&dpr=2
http://m.fanfox.net/manga/risou_no_musume_nara_sekai_saikyou_demo_kawaigatte_kuremasuka/c002.1/6.html,https://allowingchain.wordpress.com/home/fourth-year-courses/sc-math-4090-3-00mathematical-modelling/,https://mail.google.com/mail/u/1/#inbox/KtbxLvgpsZPSHPlrQqDtJNSgVsSsLrSVdV,https://www.netflix.com/watch/81148490?trackId=254015180&tctx=0%2C0%2Cd72ef6c4-38b3-4947-8270-2c7ea097160e-7884382%2C0b4896d8-a20b-4594-8fcf-b1d44e371154_85519122X20XX1568512647190%2C0b4896d8-a20b-4594-8fcf-b1d44e371154_ROOT,https://www.google.com/search?q=bluewworks&rlz=1CDGOYI_enCA857CA857&hl=en-US&prmd=mvin&sxsrf=ACYBGNTEb1b6AD58CzQFKrLYWLJByrhX1Q:1568987124524&ei=9NeEXa_ZH8iGsAXZ35jYCA&start=20&sa=N&biw=320&bih=517
http://m.fanfox.net/manga/risou_no_musume_nara_sekai_saikyou_demo_kawaigatte_kuremasuka/c002.1/5.html,https://allowingchain.wordpress.com/,https://mail.google.com/mail/u/1/#inbox/KtbxLvgpsZPSHPlrQqDtJNSgVsSsLrSVdV?projector=1&messagePartId=0.1,https://www.netflix.com/browse/genre/83,https://www.google.com/search?q=bluewworks&rlz=1CDGOYI_enCA857CA857&hl=en-US&prmd=mvin&sxsrf=ACYBGNT9xG8L_7JXkdT1RGi3bsCM6-3dfw:1568987079208&ei=x9eEXdyXDIXCsQXf5KOwBQ&start=10&sa=N&biw=320&bih=517
http://m.fanfox.net/manga/risou_no_musume_nara_sekai_saikyou_demo_kawaigatte_kuremasuka/c002.1/4.html,https://www.google.com/search?rlz=1C1CHBF_enCA854CA854&sxsrf=ACYBGNQSTfgGX3OzpLgv6yfKItmj86HOaQ%3A1569722544058&ei=sBCQXZubA4ae-gTj_J7wAQ&q=york+news&oq=york+news&gs_l=psy-ab.3..0l10.7577.10510..10688...0.1..0.137.1136.1j9......0....1..gws-wiz.....0..0i71j0i131i273j0i273j0i131j0i10i67j0i10.B4GTmcSjtTY&ved=0ahUKEwibs4mV-PTkAhUGj54KHWO-Bx4Q4dUDCAs&uact=5,http://jair2018.net/,https://www.netflix.com/title/80227995,https://ru-clip.net/re/classification/
http://m.fanfox.net/manga/risou_no_musume_nara_sekai_saikyou_demo_kawaigatte_kuremasuka/c002.1/3.html,https://www.google.com/search?q=yorkcourses&rlz=1C1CHBF_enCA854CA854&oq=yorkcourses&aqs=chrome..69i57j0l5.6743j0j7&sourceid=chrome&ie=UTF-8,http://jai.yorku.ca/,https://www.netflix.com/watch/80993998?trackId=14315607&tctx=22%2C5%2Cff22176f-6481-4666-af30-ac5313bbf934-4613762%2Cfe1be238-b5b9-47f3-bb79-9a4e6f754c05_9947218X28X83193X1568520277404%2Cfe1be238-b5b9-47f3-bb79-9a4e6f754c05_ROOT,https://www.google.com/search?q=bluewworks&rlz=1CDGOYI_enCA857CA857&oq=bluewworks&aqs=chrome..69i57j69i60l3j0l2.5865j0j4&hl=en-US&sourceid=chrome-mobile&ie=UTF-8
http://m.fanfox.net/manga/risou_no_musume_nara_sekai_saikyou_demo_kawaigatte_kuremasuka/c002.1/2.html,https://wordpress.com/plugins/bluewworks.wordpress.com,https://mail.google.com/mail/u/1/#inbox,https://www.netflix.com/watch/80228262?trackId=13752289&tctx=25%2C1%2C02ea42b35cf4a1a3d78b936781d7c8aa594b70d6%3A687ef304a5d45659e96046019dfc2e997544c93c%2C%2C,https://www.google.com/search?rlz=1CDGOYI_enCA857CA857&sxsrf=ACYBGNT9xG8L_7JXkdT1RGi3bsCM6-3dfw:1568987079208&q=bluewworks&tbm=isch&source=univ&hl=en-US&fir=isL-V8oak_IsfM%253A%252CL-eoAgKaSqzO0M%252C_%253Bs1YGCcKu65SdZM%253A%252C5TrbnyQR-E_j-M%252C_%253BhFpuDPUWwtXclM%253A%252CtjNsw18i-p1-TM%252C_%253B93SD3hXGDJds-M%253A%252CeVXR-e-s_KK6oM%252C_%253Bc21dmTuF_KDo0M%253A%252CzkQjCAtJUF63WM%252C_%253BsOuBmY0gJmabNM%253A%252CQRm64jrnOAP4HM%252C_%253BWAaGuJAEz0aA_M%253A%252CEEKAEMzewVGc3M%252C_%253BEZLAxIVeCc1cxM%253A%252CDcI2W_WUWVaWWM%252C_%253B1NOvZxnL3fq-hM%253A%252CTKnlDPQk0LiMOM%252C_%253BmsOaKMlxHlLWyM%253A%252CcCuxd3g2hzs_UM%252C_&usg=AI4_-kTN6cxpNDSx1Hi47HRxmN6yaONASQ&sa=X&ved=2ahUKEwicl42sxN_kAhUFYawKHV_yCFYQ7Al6BAgKEAI&biw=320&bih=517
http://m.fanfox.net/manga/risou_no_musume_nara_sekai_saikyou_demo_kawaigatte_kuremasuka/c002.1/1.html,https://wordpress.com/activity-log/bluewworks.wordpress.com,https://bluewworks.github.io/,https://www.netflix.com/search?q=nut&jbv=80221447&jbp=0&jbr=0,https://github.com/codehog
http://m.fanfox.net/manga/risou_no_musume_nara_sekai_saikyou_demo_kawaigatte_kuremasuka/c001/37.html,https://datawworks.wordpress.com/,https://www.library.yorku.ca/find/MyResearch/CheckedOut,https://www.netflix.com/watch/70305948?trackId=13752289&tctx=4%2C3%2C02ea42b35cf4a1a3d78b936781d7c8aa594b70d6%3A687ef304a5d45659e96046019dfc2e997544c93c%2C%2C,https://www.google.com/search?q=codehogs&rlz=1CDGOYI_enCA857CA857&oq=codehogs&aqs=chrome..69i57j0l3.2242j0j7&hl=en-US&sourceid=chrome-mobile&ie=UTF-8
http://m.fanfox.net/manga/risou_no_musume_nara_sekai_saikyou_demo_kawaigatte_kuremasuka/c001/36.html,https://bluewworks.wordpress.com/4962-2/?preview_id=4962&preview_nonce=02f4595425&_thumbnail_id=-1&preview=true,https://www.library.yorku.ca/web/,https://www.netflix.com/search?q=nut&jbv=80166319&jbp=1&jbr=0,https://analytics.google.com/analytics/web/#/report-home/a145048346w206675314p199518321
http://m.fanfox.net/manga/risou_no_musume_nara_sekai_saikyou_demo_kawaigatte_kuremasuka/c001/35.html,https://bluewworks.wordpress.com/wp-admin/post.php?post=4962&action=edit,https://www.google.com/search?q=library+yorku&rlz=1C1JZAP_enCA845CA845&oq=library+yorku&aqs=chrome..69i57j0l4j69i60.2765j0j7&sourceid=chrome&ie=UTF-8,https://www.netflix.com/watch/70243449?trackId=13752289&tctx=4%2C2%2C02ea42b35cf4a1a3d78b936781d7c8aa594b70d6%3A687ef304a5d45659e96046019dfc2e997544c93c%2C%2C,https://analytics.google.com/analytics/web/#/
http://m.fanfox.net/manga/risou_no_musume_nara_sekai_saikyou_demo_kawaigatte_kuremasuka/c001/33.html,https://bluewworks.wordpress.com/wp-admin/nav-menus.php?action=locations,https://mail.google.com/mail/u/1/#inbox?compose=CllgCJZWPwsSDxHVzpPthZKgSTBlZPBHrcLwBdnPpGqCfXpZvVsbpnKTqzvRQPtTCbXkBMVvtDq,https://www.netflix.com/watch/80221447?trackId=13752289&tctx=0%2C0%2C9e97eec5-6dfb-44ed-9a78-3c4e1c96a87c-2320662%2C%2C,https://analytics.google.com/analytics/web/
http://m.fanfox.net/manga/risou_no_musume_nara_sekai_saikyou_demo_kawaigatte_kuremasuka/c001/32.html,https://bluewworks.wordpress.com/?s=.opml,https://mail.google.com/mail/u/0/#inbox,https://www.netflix.com/search?q=Dr%20Se&suggestionId=666442_collection,https://www.google.com/search?q=google+analytics&rlz=1CDGOYI_enCA857CA857&oq=google+analytics&aqs=chrome..69i57j0l3.6488j0j7&hl=en-US&sourceid=chrome-mobile&ie=UTF-8
http://m.fanfox.net/manga/risou_no_musume_nara_sekai_saikyou_demo_kawaigatte_kuremasuka/c001/31.html,https://bluewworks.wordpress.com/stephen-wolfram/,https://www.google.com/search?q=gmail&rlz=1C1JZAP_enCA845CA845&oq=gmail&aqs=chrome..69i57j0l2j69i61l3.1006j0j7&sourceid=chrome&ie=UTF-8,https://www.netflix.com/watch/80021916?trackId=13589554,about:blank
http://m.fanfox.net/manga/risou_no_musume_nara_sekai_saikyou_demo_kawaigatte_kuremasuka/c001/30.html,https://bluewworks.wordpress.com/schedule/,https://www.computerworld.com/article/3262636/top-10-file-sharing-options-dropbox-box-google-drive-onedrive-and-more.html,https://www.netflix.com/watch/80021915?trackId=13752290&tctx=0%2C0%2C1d5c521a5260cb1fb53234153438df64f921f8f5%3Af7c43e90fe24511a33c338cb34014c2cdc3ad98c%2C%2C,https://www.google.com/search?q=sync+azure+devops+via+github&rlz=1CDGOYI_enCA857CA857&oq=sync+azure+devops+via+github&aqs=chrome..69i57j0l3.10722j1j7&hl=en-US&sourceid=chrome-mobile&ie=UTF-8
http://m.fanfox.net/manga/risou_no_musume_nara_sekai_saikyou_demo_kawaigatte_kuremasuka/c001/29.html,https://bluewworks.wordpress.com/schedule/archive/,https://www.google.com/search?q=get+infinite+shared+storage+network&rlz=1C1JZAP_enCA845CA845&oq=get+infinite+shared+storage+network&aqs=chrome..69i57.13353j0j7&sourceid=chrome&ie=UTF-8,https://www.netflix.com/search?q=Dr%20Se,https://azure.microsoft.com/en-ca/blog/rapidly-develop-blockchain-solutions-but-avoid-the-complexities/
http://m.fanfox.net/manga/risou_no_musume_nara_sekai_saikyou_demo_kawaigatte_kuremasuka/c001/28.html,https://bluewworks.wordpress.com/dresses/people/,https://www.youtube.com/watch?v=ecoliBpLcDI,https://www.netflix.com/search?q=DreamWorks&jbv=70271773&jbp=3&jbr=24,https://sg.linkedin.com/in/benjamin-tang-99906114
http://m.fanfox.net/manga/risou_no_musume_nara_sekai_saikyou_demo_kawaigatte_kuremasuka/c001/27.html,https://bluewworks.wordpress.com/links/,https://www.google.com/search?q=setup+shared+network+folder+windows+10&rlz=1C1JZAP_enCA845CA845&sxsrf=ACYBGNSkVODpWq6kbnFO06S4e8_DT6haHg:1569138654345&source=lnms&tbm=vid&sa=X&ved=0ahUKEwjiweGA-ePkAhXmYN8KHUmoA6EQ_AUIEigB&biw=1920&bih=937,https://www.netflix.com/search?q=DreamWorks,https://www.google.com/search?rlz=1CDGOYI_enCA857CA857&hl=en-US&sxsrf=ACYBGNS7Xa6JCn1se8VptGnPauv7UjYbRw%3A1568909669695&ei=ZamDXYeCKpyM1fAPtoG3mAs&q=ben+tang+singapore+inventor&oq=ben+tang+singapore+inventor&gs_l=mobile-gws-wiz-serp.3..33i160.21390.24972..27974...0.0..0.2478.5377.0j4j4-2j1j1j9-1......0....1.........0i22i30j33i21.XLyJRg4ATaY
http://m.fanfox.net/manga/risou_no_musume_nara_sekai_saikyou_demo_kawaigatte_kuremasuka/c001/26.html,https://www.paypal.com/paypalme2/mathwworks,https://www.google.com/search?rlz=1C1JZAP_enCA845CA845&sxsrf=ACYBGNSG1Yc9Uw7MuUN_CQTZppUiapqx4w%3A1569138650844&ei=2ieHXcuVM6K5ggf_0ZHACA&q=setup+shared+network+folder+windows+10&oq=shared+network+setup+&gs_l=psy-ab.1.1.0i22i30l7.1271.1271..2612...0.2..0.79.79.1......0....1..gws-wiz.......0i71.1s86DAsBMQY,https://www.netflix.com/search?q=Avatar,https://www.google.com/search?rlz=1CDGOYI_enCA857CA857&hl=en-US&sxsrf=ACYBGNR_RW1Hjk38Hn3qpqkFgHDx8QJUKQ%3A1568909619311&ei=M6mDXdvPEqmb1fAPyvWt2Ao&q=ben+tang+singapore&oq=ben+tang+singaporw&gs_l=mobile-gws-wiz-serp.1.0.0i13.7009.11215..12624...0.0..1.785.2951.0j4j3j1j0j1j1......0....1.........0j0i22i30j33i160.oScafWab_VA
http://m.fanfox.net/manga/risou_no_musume_nara_sekai_saikyou_demo_kawaigatte_kuremasuka/c001/25.html,https://bluewworks.wordpress.com/wp-admin/options-general.php?page=email_post_changes,https://www.google.com/search?q=shared+network+setup&rlz=1C1JZAP_enCA845CA845&oq=shared+network+setup&aqs=chrome..69i57j0l5.5960j0j8&sourceid=chrome&ie=UTF-8,https://www.netflix.com/search?q=NUTAC,https://www.google.com/search?q=ben+tang&rlz=1CDGOYI_enCA857CA857&oq=ben+tang&aqs=chrome..69i57j0l3.3505j0j7&hl=en-US&sourceid=chrome-mobile&ie=UTF-8
http://m.fanfox.net/manga/risou_no_musume_nara_sekai_saikyou_demo_kawaigatte_kuremasuka/c001/24.html,https://bluewworks.wordpress.com/wp-admin/options-general.php?page=webhooks,https://git-scm.com/docs/gitglossary#gitglossary-aiddefbarerepositoryabarerepository,https://www.netflix.com/search?q=MARS&suggestionId=80058399_video,https://ca.linkedin.com/in/ben-tang
http://m.fanfox.net/manga/risou_no_musume_nara_sekai_saikyou_demo_kawaigatte_kuremasuka/c001/23.html,https://bluewworks.wordpress.com/wp-admin/,https://gist.github.com/zarzen/e60ff6824ff7c7424e25,https://www.netflix.com/search?q=MARS,https://azure.microsoft.com/en-ca/pricing/
http://m.fanfox.net/manga/risou_no_musume_nara_sekai_saikyou_demo_kawaigatte_kuremasuka/c001/22.html,https://bluewworks.wordpress.com/backup/backup-linkspages/,https://www.google.com/search?q=commit+ti+github+over+shrad+network&rlz=1C1JZAP_enCA845CA845&oq=commit+ti+github+over+shrad+network&aqs=chrome..69i57j33.9854j0j4&sourceid=chrome&ie=UTF-8,https://www.netflix.com/search?q=INDEPEN,https://azure.microsoft.com/en-ca/overview/sales-number/
http://m.fanfox.net/manga/risou_no_musume_nara_sekai_saikyou_demo_kawaigatte_kuremasuka/c001/21.html,https://bluewworks.wordpress.com/dresses/docs/,https://support.apple.com/en-ca/guide/mac-help/mchlp1140/mac,https://www.netflix.com/search?q=IT,https://www.google.com/amp/s/amp.reddit.com/r/mixer/comments/93e50n/can_you_upload_videos_to_mixer/
http://m.fanfox.net/manga/risou_no_musume_nara_sekai_saikyou_demo_kawaigatte_kuremasuka/c001/20.html,https://datawworks.fandom.com/wiki/Datawworks_Wiki,https://www.google.com/search?q=add+shared+network+to+a+mac&rlz=1C1JZAP_enCA845CA845&oq=add+shared+network+to+a+mac&aqs=chrome..69i57j0l5.5766j0j7&sourceid=chrome&ie=UTF-8,https://www.netflix.com/search?q=SMURFS,https://www.google.com/search?q=upload+to+mixer&rlz=1CDGOYI_enCA857CA857&oq=upload+to+mixer&aqs=chrome..69i57j0l3.7129j0j7&hl=en-US&sourceid=chrome-mobile&ie=UTF-8
http://m.fanfox.net/manga/risou_no_musume_nara_sekai_saikyou_demo_kawaigatte_kuremasuka/c001/19.html,https://mathwworks.wordpress.com/,http://support.ricoh.com/bb_v1oi/pub_e/oi_view/0001040/0001040590/view/scanner/unv/0059.htm,https://www.netflix.com/search?q=MR%20POPP&suggestionId=70178623_video,https://azure.microsoft.com/en-ca/blog/topics/big-data/
http://m.fanfox.net/manga/risou_no_musume_nara_sekai_saikyou_demo_kawaigatte_kuremasuka/c001/18.html,https://bluewworks.wordpress.com/links/quick-links/politics-and-law/,https://www.google.com/search?q=create+shared+network+folder&rlz=1C1JZAP_enCA845CA845&oq=create+shared+network&aqs=chrome.0.0j69i57j0l4.5151j0j7&sourceid=chrome&ie=UTF-8,https://www.netflix.com/search?q=MR%20POPP,https://m.soundcloud.com/
http://m.fanfox.net/manga/risou_no_musume_nara_sekai_saikyou_demo_kawaigatte_kuremasuka/c001/17.html,https://bluewworks.wordpress.com/links/quick-links/,https://www.laptopmag.com/articles/map-network-drive-windows-10,https://www.netflix.com/Kids/title/80221778,https://www.iclicker.com/getting-started/
http://m.fanfox.net/manga/risou_no_musume_nara_sekai_saikyou_demo_kawaigatte_kuremasuka/c001/16.html,https://wordpress.com/page/bluewworks.wordpress.com/3481,https://www.google.com/search?q=share+my+drives+in+network+windows+10&rlz=1C1JZAP_enCA845CA845&oq=share+my+drives+in+network+&aqs=chrome.1.69i57j33.11118j1j7&sourceid=chrome&ie=UTF-8,https://www.netflix.com/search?q=Jurassic%20W&suggestionId=666835_collection,https://iclicker.com/
http://m.fanfox.net/manga/risou_no_musume_nara_sekai_saikyou_demo_kawaigatte_kuremasuka/c001/15.html,https://wordpress.com/pages/bluewworks.wordpress.com?s=Links,https://www.google.com/search?q=create+homegroup+windows+10&rlz=1C1JZAP_enCA845CA845&sxsrf=ACYBGNQ8k5Hig96B2rahUe90a75bZzwhjw:1569138187602&source=lnms&tbm=vid&sa=X&ved=0ahUKEwix6pmi9-PkAhWhmeAKHU3JBRQQ_AUIEigB&biw=1920&bih=937,https://www.netflix.com/search?q=Jurassic%20W&suggestionId=80228280_video,https://app.reef-education.com/#/question/31e188d4-0620-49bc-9983-b0c91ad1f161
http://m.fanfox.net/manga/risou_no_musume_nara_sekai_saikyou_demo_kawaigatte_kuremasuka/c001/14.html,https://wordpress.com/pages/bluewworks.wordpress.com,https://www.google.com/search?q=create+homegroup+windows+10&rlz=1C1JZAP_enCA845CA845&oq=create+homegroup&aqs=chrome.0.69i59j69i57j0l4.4963j0j8&sourceid=chrome&ie=UTF-8,https://www.netflix.com/search?q=Jurassic%20W,https://app.reef-education.com/#/question/5a4f008e-f53b-4ae6-86c2-a73b2c01cc11
http://m.fanfox.net/manga/risou_no_musume_nara_sekai_saikyou_demo_kawaigatte_kuremasuka/c001/13.html,https://drive.google.com/drive/u/2/my-drive,https://support.microsoft.com/en-ca/help/17145/windows-homegroup-from-start-to-finish,https://www.netflix.com/search?q=minecraft,https://app.reef-education.com/#/question/f4af2278-e0b0-4cd6-b204-a8185d242171
http://m.fanfox.net/manga/risou_no_musume_nara_sekai_saikyou_demo_kawaigatte_kuremasuka/c001/12.html,https://mail.google.com/mail/u/2/?tab=wm&ogbl#inbox/FMfcgxwDrRWCDGqlkJLMkLZbzrXTLXfp,https://support.microsoft.com/en-ca/help/4089498,https://www.netflix.com/search?q=mega,https://app.reef-education.com/#/question/7f6de207-0dd9-4069-aa15-ec570d902b38
http://m.fanfox.net/manga/risou_no_musume_nara_sekai_saikyou_demo_kawaigatte_kuremasuka/c001/11.html,https://mail.google.com/mail/u/2/?tab=wm&ogbl#inbox/FMfcgxwDrRWCDGrFDXtmwgBlTRBBCMQf,https://www.google.com/search?q=homegroup&rlz=1C1JZAP_enCA845CA845&oq=homegroup&aqs=chrome..69i57j0l4j69i60.3255j0j9&sourceid=chrome&ie=UTF-8,https://www.netflix.com/search?q=A%20series%20of%20,https://app.reef-education.com/#/question/9f586d03-a438-4a19-a9fe-979c0d9827ad
http://m.fanfox.net/manga/risou_no_musume_nara_sekai_saikyou_demo_kawaigatte_kuremasuka/c001/10.html,https://mail.google.com/mail/u/2/?tab=wm&ogbl#inbox/FMfcgxwDrRWCDHwdsNRFlvQshMKvdzDx,https://www.google.com/search?q=if+my+pc+is+shut+down%2Cwill+my+gomegrup+be+off&rlz=1C1JZAP_enCA845CA845&oq=if+my+pc+is+shut+down%2Cwill+my+gomegrup+be+off&aqs=chrome..69i57.14942j0j9&sourceid=chrome&ie=UTF-8,https://github.com/orgs/bluewworks/projects,https://www.ratemyprofessors.com/ShowRatings.jsp?tid=1458981
http://m.fanfox.net/manga/risou_no_musume_nara_sekai_saikyou_demo_kawaigatte_kuremasuka/c001/9.html,https://mail.google.com/mail/u/2/?tab=wm&ogbl#inbox/FMfcgxwDrRWCDHwwFzDjRHZddRBWRXnG,https://www.google.com/search?q=set+up+homegroup+mac+and+pc&rlz=1C1JZAP_enCA845CA845&oq=set+up+homegroup+mac+and+pc&aqs=chrome..69i57.8582j0j7&sourceid=chrome&ie=UTF-8,https://github.com/bluewworks,https://www.google.com/search?rlz=1CDGOYI_enCA857CA857&hl=en-US&sxsrf=ACYBGNQ3j9mSdSMCkMr8EyoY1y_f8tLMvQ%3A1568646664883&ei=CKZ_XZ67NYSe-gTawaroDw&q=rate+my+prof+iain+moyles&oq=rate+my+prof+ian+moyles&gs_l=mobile-gws-wiz-serp.1.0.30i10.6972.14880..16424...10.0..1.385.3173.0j1j7j4......0....1.........33i22i29i30j33i160.jpfsTyoQJOQ
http://m.fanfox.net/manga/risou_no_musume_nara_sekai_saikyou_demo_kawaigatte_kuremasuka/c001/8.html,https://mail.google.com/mail/u/2/?tab=wm&ogbl#inbox/FMfcgxwDrRWCDHxPjCgpTcvpznnfDrQg,https://www.imore.com/how-wirelessly-share-files-between-mac-and-pc,https://github.com/orgs/bluewworks/people,https://www.google.com/search?q=rate+my+prof+ian+moules&rlz=1CDGOYI_enCA857CA857&oq=rate+my+prof+ian+moules&aqs=chrome..69i57.13225j0j0&hl=en-US&sourceid=chrome-mobile&ie=UTF-8
http://m.fanfox.net/manga/risou_no_musume_nara_sekai_saikyou_demo_kawaigatte_kuremasuka/c001/7.html,https://mail.google.com/mail/u/2/?tab=wm&ogbl#inbox/FMfcgxwDrRWCDKFkRTKNFTsmPHPFPqCN,https://www.google.com/search?q=share+bwtwwen+amc+and+pc&rlz=1C1JZAP_enCA845CA845&oq=share+bwtwwen+amc+and+pc&aqs=chrome..69i57j0l5.5822j0j7&sourceid=chrome&ie=UTF-8,https://github.com/orgs/bluewworks/packages,http://mathstats.info.yorku.ca/people/faculty/
http://m.fanfox.net/manga/risou_no_musume_nara_sekai_saikyou_demo_kawaigatte_kuremasuka/c001/6.html,https://mail.google.com/mail/u/2/?tab=wm&ogbl#inbox/FMfcgxwDrRWCDKGMCVbwpGkxFxwSFwhM,https://www.windowscentral.com/how-setup-and-manage-windows-10-homegroup-local-network,https://github.com/login?return_to=%2Forgs%2Fbluewworks%2Fpackages,http://www.math.yorku.ca/~liuwei/
http://m.fanfox.net/manga/risou_no_musume_nara_sekai_saikyou_demo_kawaigatte_kuremasuka/c001/5.html,https://mail.google.com/mail/u/2/?tab=wm&ogbl#inbox/FMfcgxwDrRWCDKHHDfHHsptlkbSRZsfp,https://www.google.com/search?q=create+homegroup+windows+10&rlz=1C1JZAP_enCA845CA845&oq=create+homegroup&aqs=chrome.0.0j69i57j0l4.4846j0j7&sourceid=chrome&ie=UTF-8,https://bluewworks.github.io/,https://app.reef-education.com/#/question/955b36ea-2760-4f13-85c1-64a8e22db5d4
http://m.fanfox.net/manga/risou_no_musume_nara_sekai_saikyou_demo_kawaigatte_kuremasuka/c001/4.html,https://mail.google.com/mail/u/2/?tab=wm&ogbl#inbox/FMfcgxwDrRXJgdtrpjlqbLjtlQsmSnGW,https://www.wikihow.com/Connect-Two-Laptops-Through-a-LAN,https://mega.nz/,https://app.reef-education.com/#/question/6042a246-908b-4c4c-a5d5-6f0cfd5013cc
http://m.fanfox.net/manga/risou_no_musume_nara_sekai_saikyou_demo_kawaigatte_kuremasuka/c001/3.html,https://mail.google.com/mail/u/2/?tab=wm&ogbl#inbox/FMfcgxwDrRXKJwdRtvHdFJvnxwvFSRxJ,https://www.google.com/search?q=connect+two+latptos+together&rlz=1C1JZAP_enCA845CA845&oq=connect+two+latptos+together&aqs=chrome..69i57j0l5.6329j0j7&sourceid=chrome&ie=UTF-8,https://www.google.com/search?q=infinite+free+storage&oq=infinite+free+storage&aqs=chrome..69i57.7762j0j7&sourceid=chrome&ie=UTF-8,https://www.google.com/search?q=iclicker&rlz=1CDGOYI_enCA857CA857&oq=iclicker&aqs=chrome..69i57j69i60j69i59.1648j0j0&hl=en-US&sourceid=chrome-mobile&ie=UTF-8
http://m.fanfox.net/manga/risou_no_musume_nara_sekai_saikyou_demo_kawaigatte_kuremasuka/c001/2.html,https://mail.google.com/mail/u/2/?tab=wm&ogbl#inbox/FMfcgxwDrRXKJnhXlChKGbwsdVCjvxfq,https://wordpress.com/,http://infinityclouddrive.com/,https://bluewworks.github.io/classes/Introduction%20to%20Computing%20for%20Mathematics%20and%20Statistics/
http://m.fanfox.net/manga/risou_no_musume_nara_sekai_saikyou_demo_kawaigatte_kuremasuka/c001/1.html,https://mail.google.com/mail/u/2/?tab=wm&ogbl#inbox/FMfcgxwDrRXKcjktQdLcpncBlrtmMFlh,https://www.laptopmag.com/articles/turn-windows-10-pc-into-wirelss-display,https://github.com/electron,http://edfurman.info.yorku.ca/publications/
http://m.fanfox.net/manga/risou_no_musume_nara_sekai_saikyou_demo_kawaigatte_kuremasuka,https://mail.google.com/mail/u/2/?tab=wm&ogbl#inbox/FMfcgxwDrRXKlrmvCVCFNPhTlJcgHRpm,https://www.google.com/search?q=make+my+pc+a+wireless+display&rlz=1C1JZAP_enCA845CA845&oq=make+my+pc+a+wireless+display&aqs=chrome..69i57j0l3.11697j0j7&sourceid=chrome&ie=UTF-8,https://github.com/electron/electron/pull/20046,http://edfurman.info.yorku.ca/news/
http://m.fanfox.net/,https://mail.google.com/mail/u/2/?tab=wm&ogbl#inbox/FMfcgxwDrRXKvLvllZtfpkjVvVqbdZDs,https://atom.io/,https://electronjs.org/releases/stable,http://edfurman.info.yorku.ca/teaching/math-3281-3-00/
http://fanfox.net/,https://mail.google.com/mail/u/2/?tab=wm&ogbl#inbox/FMfcgxwDrRZRrmxxvLTZSwrpczPVGqKk,https://www.google.com/search?rlz=1C1JZAP_enCA845CA845&sxsrf=ACYBGNTFPFE8ZBH-wYFuXY3j_k28--Xetw%3A1569135987819&ei=cx2HXf7TMYq3ggfVzaG4Dg&q=atom&oq=atom&gs_l=psy-ab.3..0l3j0i131l2j0j0i131j0j0i131j0.2660.3852..4352...0.2..0.126.469.0j4......0....1..gws-wiz.......0i71j0i67j0i131i67.KCqbXiQaTWY&ved=0ahUKEwi-2aGJ7-PkAhWKm-AKHdVmCOcQ4dUDCAs&uact=5,https://electronjs.org/,https://www.google.com/search?q=edward+furman&rlz=1CDGOYI_enCA857CA857&oq=edward+furman&aqs=chrome..69i57j0l3.5898j0j4&hl=en-US&sourceid=chrome-mobile&ie=UTF-8
https://bluewworks.wordpress.com/dresses/docs/,https://mail.google.com/mail/u/2/?tab=wm&ogbl#inbox/FMfcgxwDrRZSCHGRmfXDRjMTsbCjWXvf,https://www.google.com/search?q=atpm&rlz=1C1JZAP_enCA845CA845&oq=atpm&aqs=chrome..69i57j0l5.1503j0j7&sourceid=chrome&ie=UTF-8,https://www.youtube.com/watch?v=8YP_nOCO-4Q&feature=youtu.be,https://www.google.com/search?q=ordered+field&rlz=1CDGOYI_enCA857CA857&oq=ordered+fi&aqs=chrome.1.69i57j0l3.5035j1j0&hl=en-US&sourceid=chrome-mobile&ie=UTF-8
https://bluewworks.wordpress.com/,https://mail.google.com/mail/u/2/?tab=wm&ogbl#inbox/FMfcgxwDrRZSLSbLmqKSJjWzNhZMchhM,https://www.google.com/search?q=make+my+imac+a+wirless+monitor&rlz=1C1JZAP_enCA845CA845&oq=make+my+imac+a+wirless+monitor&aqs=chrome..69i57j33.10719j0j7&sourceid=chrome&ie=UTF-8,https://www.google.com/search?q=electron&oq=electron&aqs=chrome..69i57j0l2j69i65l3.1777j0j7&sourceid=chrome&ie=UTF-8,https://en.m.wikipedia.org/wiki/Ordered_field
https://www.digitalspy.com/movies/a789291/frozen-2-trailer-plot-release-date-cast/,https://moodle.yorku.ca/moodle/course/view.php?id=162206,https://itstillworks.com/use-imac-pc-monitor-9320.html,https://atom.io/,https://www.google.com/search?q=math+dept+yorki&rlz=1CDGOYI_enCA857CA857&oq=math+dept+yorki&aqs=chrome..69i57j0.5029j0j0&hl=en-US&sourceid=chrome-mobile&ie=UTF-8
https://www.google.com/search?q=frozen+2+trailer&rlz=1CDGOYI_enCA857CA857&oq=frozen+2+&aqs=chrome.1.69i57j0l3.6327j0j4&hl=en-US&sourceid=chrome-mobile&ie=UTF-8,https://moodle.yorku.ca/moodle/user/index.php?id=162206,https://www.macobserver.com/tips/how-to/imac-secondary-display/,https://www.google.com/search?q=atom&oq=atom&aqs=chrome.0.69i59j0l2j69i60l3.1394j0j7&sourceid=chrome&ie=UTF-8,https://www.google.com/search?q=michael+haslam&rlz=1CDGOYI_enCA857CA857&oq=michael+haslam&aqs=chrome..69i57j0l3.5040j0j0&hl=en-US&sourceid=chrome-mobile&ie=UTF-8
https://bluewworks.github.io/classes/york/Introduction%20to%20Computing%20for%20Mathematics%20and%20Statistics/,https://moodle.yorku.ca/moodle/course/view.php?id=162206&section=1,https://en.wikipedia.org/wiki/1994,https://www.google.com/search?q=atom&oq=atom&aqs=chrome..69i57j0l3j69i60l2.1068j0j7&sourceid=chrome&ie=UTF-8,https://www.google.com/amp/s/www.researchgate.net/profile/Michael_Haslam/amp
https://www.eecs.yorku.ca/course_archive/2019-20/F/1560/index.php?load=1,https://moodle.yorku.ca/moodle/mod/quiz/view.php?id=2181410,http://www.math.toronto.edu/~drorbn/,https://code.visualstudio.com/updates/v1_38,https://scholar.google.ca/scholar?q=author%3A%22Haslam%2C+Michael+C.%22+%22York+University%22+-%22New+York+University%22+-%22University+of+York%22&btnG=&hl=en&as_sdt=0%2C5
https://www.eecs.yorku.ca/course_archive/2019-20/F/1560/Lab3minasSOL.m,https://moodle.yorku.ca/moodle/course/view.php?id=162206&section=3,https://bluewworks.github.io/Academic-Peniseve/People/,https://code.visualstudio.com/docs/?dv=osx,"https://scholar.google.ca/scholar?start=10&q=author:%22Haslam,+Michael+C.%22+%22York+University%22+-%22New+York+University%22+-%22University+of+York%22&hl=en&as_sdt=0,5"
https://bluewworks.wordpress.com/cambridge-tripos/mathematical-tripos/mathematical-tripos-part-ia/vectors-and-matrices/,https://moodle.yorku.ca/moodle/grade/report/user/index.php?id=162206&userid=221887&group,https://bluewworks.github.io/Academic-Peniseve/,https://code.visualstudio.com/,"https://scholar.google.ca/scholar?start=0&q=author:%22Haslam,+Michael+C.%22+%22York+University%22+-%22New+York+University%22+-%22University+of+York%22&hl=en&as_sdt=0,5"
