Client1 Url,Malicious
https://datawworks.wordpress.com/,False
https://bluewworks.github.io/,False
https://bluewworks.github.io/classes/,False
https://bluewworks.github.io/classes/york/Analysis%20I/index.html,False
https://bluewworks.github.io/Videos/Movies/,False
https://www.wcoanimedub.tv/the-promised-neverland-episode-11-english-dubbed,False
https://www.wcoanimedub.tv/the-promised-neverland-episode-10-english-dubbed,False
https://www.wcoanimedub.tv/anime/the-promised-neverland,False
https://www.wcoanimedub.tv/the-promised-neverland-episode-1-english-dubbed,False
https://www.wcoanimedub.tv/dubbed-anime-list#T,False
https://www.wcoanimedub.tv/dubbed-anime-list,False
https://www.wco.tv/,False
https://yakusokunoneverland.fandom.com/wiki/The_Promised_Neverland,False
https://yakusokunoneverland.fandom.com/wiki/Demon_World,False
https://www.google.com/search?q=demons+eat+humans+in+farms&rlz=1CDGOYI_enCA857CA857&oq=demons+eat+humans+in+farms&aqs=chrome..69i57.14898j0j4&hl=en-US&sourceid=chrome-mobile&ie=UTF-8,False
https://www.wcoanimesub.tv/subbed-anime-list#Y,False
https://www.wcoanimesub.tv/subbed-anime-list,False
https://www.wcoanimedub.tv/dubbed-anime-list#Y,False
https://www.google.com/search?q=frozen+2&rlz=1CDGOYI_enCA857CA857&hl=en-US&prmd=vni&sxsrf=ACYBGNT5t_61x9fJdvMC0ORlLxe4RjeICA:1569739153447&source=lnms&tbm=vid&sa=X&ved=0ahUKEwiv_IWFtvXkAhUHPK0KHUU3Ck4Q_AUIFigB&biw=375&bih=539,False
https://m.youtube.com/watch?v=yyJ8EvPxz-w,False
https://www.google.com/search?q=frozen+2&rlz=1CDGOYI_enCA857CA857&oq=fro&aqs=chrome.5.69i59j69i61l2j69i57j69i61j0.2263j0j7&hl=en-US&sourceid=chrome-mobile&ie=UTF-8,False
http://m.fanfox.net/manga/risou_no_musume_nara_sekai_saikyou_demo_kawaigatte_kuremasuka/c002.2/19.html,False
http://m.fanfox.net/manga/risou_no_musume_nara_sekai_saikyou_demo_kawaigatte_kuremasuka/c002.2/18.html,False
http://m.fanfox.net/manga/risou_no_musume_nara_sekai_saikyou_demo_kawaigatte_kuremasuka/c002.2/17.html,False
http://m.fanfox.net/manga/risou_no_musume_nara_sekai_saikyou_demo_kawaigatte_kuremasuka/c002.2/16.html,False
http://m.fanfox.net/manga/risou_no_musume_nara_sekai_saikyou_demo_kawaigatte_kuremasuka/c002.2/15.html,False
http://m.fanfox.net/manga/risou_no_musume_nara_sekai_saikyou_demo_kawaigatte_kuremasuka/c002.2/14.html,False
http://m.fanfox.net/manga/risou_no_musume_nara_sekai_saikyou_demo_kawaigatte_kuremasuka/c002.2/13.html,False
http://m.fanfox.net/manga/risou_no_musume_nara_sekai_saikyou_demo_kawaigatte_kuremasuka/c002.2/12.html,False
http://m.fanfox.net/manga/risou_no_musume_nara_sekai_saikyou_demo_kawaigatte_kuremasuka/c002.2/11.html,False
http://m.fanfox.net/manga/risou_no_musume_nara_sekai_saikyou_demo_kawaigatte_kuremasuka/c002.2/10.html,False
http://m.fanfox.net/manga/risou_no_musume_nara_sekai_saikyou_demo_kawaigatte_kuremasuka/c002.2/9.html,False
http://m.fanfox.net/manga/risou_no_musume_nara_sekai_saikyou_demo_kawaigatte_kuremasuka/c002.2/8.html,False
http://m.fanfox.net/manga/risou_no_musume_nara_sekai_saikyou_demo_kawaigatte_kuremasuka/c002.2/7.html,False
http://m.fanfox.net/manga/risou_no_musume_nara_sekai_saikyou_demo_kawaigatte_kuremasuka/c002.2/6.html,False
http://m.fanfox.net/manga/risou_no_musume_nara_sekai_saikyou_demo_kawaigatte_kuremasuka/c002.2/5.html,False
http://m.fanfox.net/manga/risou_no_musume_nara_sekai_saikyou_demo_kawaigatte_kuremasuka/c002.2/4.html,False
http://m.fanfox.net/manga/risou_no_musume_nara_sekai_saikyou_demo_kawaigatte_kuremasuka/c002.2/3.html,False
http://m.fanfox.net/manga/risou_no_musume_nara_sekai_saikyou_demo_kawaigatte_kuremasuka/c002.2/2.html,False
http://m.fanfox.net/manga/risou_no_musume_nara_sekai_saikyou_demo_kawaigatte_kuremasuka/c002.2/1.html,False
http://m.fanfox.net/manga/risou_no_musume_nara_sekai_saikyou_demo_kawaigatte_kuremasuka/c002.1/14.html,False
http://m.fanfox.net/manga/risou_no_musume_nara_sekai_saikyou_demo_kawaigatte_kuremasuka/c002.1/13.html,False
http://m.fanfox.net/manga/risou_no_musume_nara_sekai_saikyou_demo_kawaigatte_kuremasuka/c002.1/12.html,False
http://m.fanfox.net/manga/risou_no_musume_nara_sekai_saikyou_demo_kawaigatte_kuremasuka/c002.1/11.html,False
http://m.fanfox.net/manga/risou_no_musume_nara_sekai_saikyou_demo_kawaigatte_kuremasuka/c002.1/10.html,False
http://m.fanfox.net/manga/risou_no_musume_nara_sekai_saikyou_demo_kawaigatte_kuremasuka/c002.1/9.html,False
http://m.fanfox.net/manga/risou_no_musume_nara_sekai_saikyou_demo_kawaigatte_kuremasuka/c002.1/8.html,False
http://m.fanfox.net/manga/risou_no_musume_nara_sekai_saikyou_demo_kawaigatte_kuremasuka/c002.1/7.html,False
http://m.fanfox.net/manga/risou_no_musume_nara_sekai_saikyou_demo_kawaigatte_kuremasuka/c002.1/6.html,False
http://m.fanfox.net/manga/risou_no_musume_nara_sekai_saikyou_demo_kawaigatte_kuremasuka/c002.1/5.html,False
http://m.fanfox.net/manga/risou_no_musume_nara_sekai_saikyou_demo_kawaigatte_kuremasuka/c002.1/4.html,False
http://m.fanfox.net/manga/risou_no_musume_nara_sekai_saikyou_demo_kawaigatte_kuremasuka/c002.1/3.html,False
http://m.fanfox.net/manga/risou_no_musume_nara_sekai_saikyou_demo_kawaigatte_kuremasuka/c002.1/2.html,False
http://m.fanfox.net/manga/risou_no_musume_nara_sekai_saikyou_demo_kawaigatte_kuremasuka/c002.1/1.html,False
http://m.fanfox.net/manga/risou_no_musume_nara_sekai_saikyou_demo_kawaigatte_kuremasuka/c001/37.html,False
http://m.fanfox.net/manga/risou_no_musume_nara_sekai_saikyou_demo_kawaigatte_kuremasuka/c001/36.html,False
http://m.fanfox.net/manga/risou_no_musume_nara_sekai_saikyou_demo_kawaigatte_kuremasuka/c001/35.html,False
http://m.fanfox.net/manga/risou_no_musume_nara_sekai_saikyou_demo_kawaigatte_kuremasuka/c001/33.html,False
http://m.fanfox.net/manga/risou_no_musume_nara_sekai_saikyou_demo_kawaigatte_kuremasuka/c001/32.html,False
http://m.fanfox.net/manga/risou_no_musume_nara_sekai_saikyou_demo_kawaigatte_kuremasuka/c001/31.html,False
http://m.fanfox.net/manga/risou_no_musume_nara_sekai_saikyou_demo_kawaigatte_kuremasuka/c001/30.html,False
http://m.fanfox.net/manga/risou_no_musume_nara_sekai_saikyou_demo_kawaigatte_kuremasuka/c001/29.html,False
http://m.fanfox.net/manga/risou_no_musume_nara_sekai_saikyou_demo_kawaigatte_kuremasuka/c001/28.html,False
http://m.fanfox.net/manga/risou_no_musume_nara_sekai_saikyou_demo_kawaigatte_kuremasuka/c001/27.html,False
http://m.fanfox.net/manga/risou_no_musume_nara_sekai_saikyou_demo_kawaigatte_kuremasuka/c001/26.html,False
http://m.fanfox.net/manga/risou_no_musume_nara_sekai_saikyou_demo_kawaigatte_kuremasuka/c001/25.html,False
http://m.fanfox.net/manga/risou_no_musume_nara_sekai_saikyou_demo_kawaigatte_kuremasuka/c001/24.html,False
http://m.fanfox.net/manga/risou_no_musume_nara_sekai_saikyou_demo_kawaigatte_kuremasuka/c001/23.html,False
http://m.fanfox.net/manga/risou_no_musume_nara_sekai_saikyou_demo_kawaigatte_kuremasuka/c001/22.html,False
http://m.fanfox.net/manga/risou_no_musume_nara_sekai_saikyou_demo_kawaigatte_kuremasuka/c001/21.html,False
http://m.fanfox.net/manga/risou_no_musume_nara_sekai_saikyou_demo_kawaigatte_kuremasuka/c001/20.html,False
http://m.fanfox.net/manga/risou_no_musume_nara_sekai_saikyou_demo_kawaigatte_kuremasuka/c001/19.html,False
http://m.fanfox.net/manga/risou_no_musume_nara_sekai_saikyou_demo_kawaigatte_kuremasuka/c001/18.html,False
http://m.fanfox.net/manga/risou_no_musume_nara_sekai_saikyou_demo_kawaigatte_kuremasuka/c001/17.html,False
http://m.fanfox.net/manga/risou_no_musume_nara_sekai_saikyou_demo_kawaigatte_kuremasuka/c001/16.html,False
http://m.fanfox.net/manga/risou_no_musume_nara_sekai_saikyou_demo_kawaigatte_kuremasuka/c001/15.html,False
http://m.fanfox.net/manga/risou_no_musume_nara_sekai_saikyou_demo_kawaigatte_kuremasuka/c001/14.html,False
http://m.fanfox.net/manga/risou_no_musume_nara_sekai_saikyou_demo_kawaigatte_kuremasuka/c001/13.html,False
http://m.fanfox.net/manga/risou_no_musume_nara_sekai_saikyou_demo_kawaigatte_kuremasuka/c001/12.html,False
http://m.fanfox.net/manga/risou_no_musume_nara_sekai_saikyou_demo_kawaigatte_kuremasuka/c001/11.html,False
http://m.fanfox.net/manga/risou_no_musume_nara_sekai_saikyou_demo_kawaigatte_kuremasuka/c001/10.html,False
http://m.fanfox.net/manga/risou_no_musume_nara_sekai_saikyou_demo_kawaigatte_kuremasuka/c001/9.html,False
http://m.fanfox.net/manga/risou_no_musume_nara_sekai_saikyou_demo_kawaigatte_kuremasuka/c001/8.html,False
http://m.fanfox.net/manga/risou_no_musume_nara_sekai_saikyou_demo_kawaigatte_kuremasuka/c001/7.html,False
http://m.fanfox.net/manga/risou_no_musume_nara_sekai_saikyou_demo_kawaigatte_kuremasuka/c001/6.html,False
http://m.fanfox.net/manga/risou_no_musume_nara_sekai_saikyou_demo_kawaigatte_kuremasuka/c001/5.html,False
http://m.fanfox.net/manga/risou_no_musume_nara_sekai_saikyou_demo_kawaigatte_kuremasuka/c001/4.html,False
http://m.fanfox.net/manga/risou_no_musume_nara_sekai_saikyou_demo_kawaigatte_kuremasuka/c001/3.html,False
http://m.fanfox.net/manga/risou_no_musume_nara_sekai_saikyou_demo_kawaigatte_kuremasuka/c001/2.html,False
http://m.fanfox.net/manga/risou_no_musume_nara_sekai_saikyou_demo_kawaigatte_kuremasuka/c001/1.html,False
http://m.fanfox.net/manga/risou_no_musume_nara_sekai_saikyou_demo_kawaigatte_kuremasuka,False
http://m.fanfox.net/,False
http://fanfox.net/,False
https://bluewworks.wordpress.com/dresses/docs/,False
https://bluewworks.wordpress.com/,False
https://www.digitalspy.com/movies/a789291/frozen-2-trailer-plot-release-date-cast/,False
https://www.google.com/search?q=frozen+2+trailer&rlz=1CDGOYI_enCA857CA857&oq=frozen+2+&aqs=chrome.1.69i57j0l3.6327j0j4&hl=en-US&sourceid=chrome-mobile&ie=UTF-8,False
https://bluewworks.github.io/classes/york/Introduction%20to%20Computing%20for%20Mathematics%20and%20Statistics/,False
https://www.eecs.yorku.ca/course_archive/2019-20/F/1560/index.php?load=1,False
https://www.eecs.yorku.ca/course_archive/2019-20/F/1560/Lab3minasSOL.m,False
https://bluewworks.wordpress.com/cambridge-tripos/mathematical-tripos/mathematical-tripos-part-ia/vectors-and-matrices/,False
https://github.com/datawworks/Vectors-and-Matrices/blob/master/Vectors%20and%20Matrices%20Example%20Sheet%203%202019.pdf,False
https://bluewworks.wordpress.com/books/pdfs/,False
https://bluewworks.wordpress.com/?s=Comics+,False
https://clockwworks.wordpress.com/,False
http://m.fanfox.net/manga/mochiron_isharyouseikyuu_itashimasu/,False
http://m.fanfox.net/manga/mochiron_isharyouseikyuu_itashimasu/v01/c005/30.html,False
http://m.fanfox.net/manga/mochiron_isharyouseikyuu_itashimasu/v01/c005/29.html,False
http://m.fanfox.net/manga/mochiron_isharyouseikyuu_itashimasu/v01/c005/28.html,False
http://m.fanfox.net/manga/mochiron_isharyouseikyuu_itashimasu/v01/c005/27.html,False
http://m.fanfox.net/manga/mochiron_isharyouseikyuu_itashimasu/v01/c005/26.html,False
http://m.fanfox.net/manga/mochiron_isharyouseikyuu_itashimasu/v01/c005/25.html,False
http://m.fanfox.net/manga/mochiron_isharyouseikyuu_itashimasu/v01/c005/24.html,False
http://m.fanfox.net/manga/mochiron_isharyouseikyuu_itashimasu/v01/c005/23.html,False
http://m.fanfox.net/manga/mochiron_isharyouseikyuu_itashimasu/v01/c005/22.html,False
http://m.fanfox.net/manga/mochiron_isharyouseikyuu_itashimasu/v01/c005/21.html,False
http://m.fanfox.net/manga/mochiron_isharyouseikyuu_itashimasu/v01/c005/20.html,False
http://m.fanfox.net/manga/mochiron_isharyouseikyuu_itashimasu/v01/c005/19.html,False
http://m.fanfox.net/manga/mochiron_isharyouseikyuu_itashimasu/v01/c005/18.html,False
http://m.fanfox.net/manga/mochiron_isharyouseikyuu_itashimasu/v01/c005/17.html,False
http://m.fanfox.net/manga/mochiron_isharyouseikyuu_itashimasu/v01/c005/16.html,False
http://m.fanfox.net/manga/mochiron_isharyouseikyuu_itashimasu/v01/c005/15.html,False
http://m.fanfox.net/manga/mochiron_isharyouseikyuu_itashimasu/v01/c005/14.html,False
http://m.fanfox.net/manga/mochiron_isharyouseikyuu_itashimasu/v01/c005/13.html,False
http://m.fanfox.net/manga/mochiron_isharyouseikyuu_itashimasu/v01/c005/12.html,False
http://m.fanfox.net/manga/mochiron_isharyouseikyuu_itashimasu/v01/c005/11.html,False
http://m.fanfox.net/manga/mochiron_isharyouseikyuu_itashimasu/v01/c005/10.html,False
http://m.fanfox.net/manga/mochiron_isharyouseikyuu_itashimasu/v01/c005/9.html,False
http://m.fanfox.net/manga/mochiron_isharyouseikyuu_itashimasu/v01/c005/8.html,False
http://m.fanfox.net/manga/mochiron_isharyouseikyuu_itashimasu/v01/c005/7.html,False
http://m.fanfox.net/manga/mochiron_isharyouseikyuu_itashimasu/v01/c005/6.html,False
http://m.fanfox.net/manga/mochiron_isharyouseikyuu_itashimasu/v01/c005/5.html,False
http://m.fanfox.net/manga/mochiron_isharyouseikyuu_itashimasu/v01/c005/4.html,False
http://m.fanfox.net/manga/mochiron_isharyouseikyuu_itashimasu/v01/c005/3.html,False
http://m.fanfox.net/manga/mochiron_isharyouseikyuu_itashimasu/v01/c005/2.html,False
http://m.fanfox.net/manga/mochiron_isharyouseikyuu_itashimasu/v01/c005/1.html,False
http://m.fanfox.net/manga/mochiron_isharyouseikyuu_itashimasu,False
https://tqft.net/math/JonesWenzlProjections.pdf,False
https://tqft.net/math/,False
https://tqft.net/math/ERA2015-pure-math.csv,False
https://bluewworks.github.io/people/,False
http://m.fanfox.net/manga/nozomanu_fushi_no_boukensha/,False
http://m.fanfox.net/manga/nozomanu_fushi_no_boukensha/c018/26.html,False
http://m.fanfox.net/manga/nozomanu_fushi_no_boukensha/c018/25.html,False
http://m.fanfox.net/manga/nozomanu_fushi_no_boukensha/c018/24.html,False
http://m.fanfox.net/manga/nozomanu_fushi_no_boukensha/c018/23.html,False
http://m.fanfox.net/manga/nozomanu_fushi_no_boukensha/c018/22.html,False
http://m.fanfox.net/manga/nozomanu_fushi_no_boukensha/c018/21.html,False
http://m.fanfox.net/manga/nozomanu_fushi_no_boukensha/c018/20.html,False
http://m.fanfox.net/manga/nozomanu_fushi_no_boukensha/c018/19.html,False
http://m.fanfox.net/manga/nozomanu_fushi_no_boukensha/c018/18.html,False
http://m.fanfox.net/manga/nozomanu_fushi_no_boukensha/c018/17.html,False
http://m.fanfox.net/manga/nozomanu_fushi_no_boukensha/c018/16.html,False
http://m.fanfox.net/manga/nozomanu_fushi_no_boukensha/c018/15.html,False
http://m.fanfox.net/manga/nozomanu_fushi_no_boukensha/c018/14.html,False
http://m.fanfox.net/manga/nozomanu_fushi_no_boukensha/c018/13.html,False
http://m.fanfox.net/manga/nozomanu_fushi_no_boukensha/c018/12.html,False
http://m.fanfox.net/manga/nozomanu_fushi_no_boukensha/c018/11.html,False
http://m.fanfox.net/manga/nozomanu_fushi_no_boukensha/c018/10.html,False
http://m.fanfox.net/manga/nozomanu_fushi_no_boukensha/c018/9.html,False
http://m.fanfox.net/manga/nozomanu_fushi_no_boukensha/c018/8.html,False
http://m.fanfox.net/manga/nozomanu_fushi_no_boukensha/c018/7.html,False
http://m.fanfox.net/manga/nozomanu_fushi_no_boukensha/c018/6.html,False
http://m.fanfox.net/manga/nozomanu_fushi_no_boukensha/c018/5.html,False
http://m.fanfox.net/manga/nozomanu_fushi_no_boukensha/c018/4.html,False
http://m.fanfox.net/manga/nozomanu_fushi_no_boukensha/c018/3.html,False
http://m.fanfox.net/manga/nozomanu_fushi_no_boukensha/c018/2.html,False
http://m.fanfox.net/manga/nozomanu_fushi_no_boukensha/c018/1.html,False
http://m.fanfox.net/manga/nozomanu_fushi_no_boukensha,False
http://m.fanfox.net/manga/dungeon_ni_deai_o_motomeru_no_wa_machigatte_iru_darou_ka_gaiden_sword_oratoria/,False
