Domain,Time Visited
wordpress,67
newtab,479
wco,4
google_search,534
fanfox,58
myaccount.google,1
drorbn,103
docs.google,1
github,69
siam,10
tqft,4
jeremykun,3
source.cloud.google,3
cloud.google,5
amazon,7
appspot,1
linux,1
neo4j,2
gradescope,1
stanford,3
hkbu,5
mishrapk,3
researchgate,1
yorku,46
scholar.google,2
stackoverflow,2
w3schools,10
mozilla,1
brown,1
uwaterloo,5
toronto,29
sourcetreeapp,3
atlassian,4
okstate,4
ucraft,4
yale,3
sites.google,4
stonybrook,1
docker,10
gitlab,3
kaggle,19
manga99,4
wikipedia,36
wikimedia,21
quora,1
accounts.google,2
play.google,5
microsoft,9
fool,1
godaddy,2
whoishostingthis,1
heroku,4
vinceluk,1
linkedin,2
siteground,3
hostingfacts,1
drivehq,2
mathtalks,2
wiley,1
princeton,6
about,4
cam,1
mathjax,2
chrome.google,1
msn,1
bing,9
youtube,3
partnerdash.google,1
apple,1
mixer,5
masteringphysics,4
pearsoned,1
pearsonmylabandmastering,1
hindawi,3
reddit,2
stackexchange,1
wtc,1
msri,1
gravatar,1
cloudflare,1
veoh,1
icts,1
umn,1
sydney,1
cmi,2
subwiki,3
columbia,9
ncag,1
katlas,5
launchpad,9
sciencedirect,2
tinyvid,1
arxiv,1
box,1
open-video,1
scribd,1
insidetheperimeter,3
perimeterinstitute,1
iop,2
bluehost,1
elsevier,2
servlets,5
quoracdn,2
bitbucket,2
jonasadler,1
dorbn,1
